[[[0041ea3e0f6de06eaebe641f6b7eeb31d7b16b24072474a9a5946489]]],Trouble
[[[0146e63c643650ebdbb9da14beea2a1db16cbc6f60db529041237e85]]],Check out the coverage performance on [[[@CARRIERHANDLE]]] from #MyMobileCoverage
[[[0189c9f0af635d253a2e4ccbae489a3a756cf73941ef87d2f1646d32]]],Enter your email address then press next
[[[018b448ac6462ef4f2de7fdd1b33856243970a4a161746243dea8e4a]]],Rate the impact of the event:
[[[01a60284f22c4af7eb81cfbb9a6da7f61a1e0ff9a88bbe21838f8386]]],Check out my WiFi data speed. #MyMobileCoverage just clocked it.
[[[0214e41ac9832a6041b1fc90e0de6ba3e2e5bd1363ba9379b87bb30a]]],Minimal
[[[02673c33aaf2ce3ba593b945578caeb81f84231a50099e813ae155c6]]],Select tracking duration
[[[03e547abe4ffceee4233b2400fffd85fc159c74253d558f8a7188a5c]]],Download Speed:
[[[04a3f30d153f04f6c0be597ea977203dbf1f8d5ba26b9a5ec5b9e66b]]],Nerd
[[[04cab61f9fa5cdec742bac363721f32d299a67af72b7dc7ded66fe2a]]],map shadow
[[[0506e7e4b42d727d258141662afb0706263382eb6770040a70095ff4]]],(stopped)
[[[0696768c80c97f91ac312037d68e7cf2ced0d06d872500e508b78ca3]]],Ranking
[[[06a3f555b66641684c492dbffd32ad3f18fd4d72aa7fbea79a8d5a1c]]],@string/Settings_Minimum
[[[06a420e509c262dc4ed226bb6332414cd8d4305b14b8c3cf13899466]]],"Locates and reports all events including WiFi, data speed test and most coverage gaps with in-motion updates every 20 minutes and general updates every 3 hours."
[[[07016e0f76155e63edc688e03444c0a2d0a589a4c778289cded19a1c]]],WiFi avg near
[[[074241244a45d32c22afc55d3a7a3600f1b6380a56348a92d129e0ef]]],Password must be 5 or more characters
[[[074ed00e2b3da13f0288e2975e8f3f7891a1a94a439e36ad394198e7]]],Increase usage profile to Maximum when charger is connected
[[[0759c73fffa66f6b4af2e79c436686de03561177b3f9c5e054d4eb99]]],Calls Dropped
[[[09ce90982ad65c489af64a53b5342ce555c02a004b4d04bcdffe19b9]]],MyMap
[[[09f3cdc8ac3a061e69e4be040f2fbad585c8a445a13f00d494751d57]]],GPS cold start
[[[0a6a88c389f7e4037d9d614e7f211fd008d3e60777895feb802e43e0]]],carrier logo
[[[0cd6384b988d70792f2d9b7e817fca0e44e6ab282c7e2b670b3c264f]]],Regained Service
[[[0d92e9bb7a12b208d716b90db92f7965d43f325346ba32020810b7b2]]],Call Stats
[[[0e20b84a896c8a602d54e2d3e748786983c74641da554a905bad3b9e]]],Network info on [[[@CARRIERHANDLE]]]
[[[0e9658a3cc32b6b59cde3cb52756e8232392070bc804d83f5553e6e0]]],SpeedResult
[[[0f5c241b185696f05f250f66081ea4b53fb861c2513c2f5f2026ef05]]],Stop
[[[0fa827aa1b24af997e5533fab987e21a88da26dddd2b6f8cbdf5b87c]]],my mobile coverage logo heart
[[[0ff60ade8b689ba9c0b4f30ae8376468674dcc4c7ff8016e4f55a6ac]]],Grrr!
[[[100370b34ac9b946daa6d584e514df6a34048e8ed4587c59fb2fdc90]]],Failed call on [[[@CARRIERHANDLE]]]
[[[109f1de5b40c38724c18e30002533d5fd85421ff259a59e3a7e49ead]]],GPS Tips
[[[11b33eeb006747540c23f129530dc3e2d1f56e2dc48fdc1ec3a61ab8]]],Voice Quality
[[[11c7c81f49b4734cbda88398209d19dba441a760bbac2eed5529d7db]]],Check-in
[[[11cba5a0f82ab9b884e9f95ef2e14aa5714b242a4b1b19c24e83baa6]]],Percent of Calls
[[[13220b6d317905734bb3157af5cbae6a11d2f856d1ccb9882caf1b01]]],System log reporting is disabled
[[[13263d13cd5d5d9a4ae7083eda3448dc68f08ff203c5bb78ce5b8432]]],MyMobileCoverage
[[[13887b8e4715bc9bd4b3ed60203d01788a8408f6d15d4518cc17c512]]],Thank you. The issue has been submitted.
[[[13e3e072a600f0d6b295345fba238626e1e2109b95c48ed608ddc9c0]]],That MyMobileCoverage improves your GPS performance?
[[[148fad76e4fa180116b4ef0695b87131ba5a96366616c5b07897d939]]],you have no events
[[[14cea5aa34d8ee83b140a61ebd94754e2cc7afcb011c04f13d549814]]],Generating randomized packets
[[[14d80dbee47b7e1a0f52d6936a0eead7eba502c9fa0fc1bdc7f7bd6a]]],Mode
[[[15a0d8d58b2f6c865cae9c71e9f8a24a1ac922280d275b133b3e7dc3]]],Start
[[[169ba185c6d72d50df1f4a14085109922d8f36e99f19d0215f2b9afb]]],social media banner
[[[16a7f1a07d261bb7b9c1c60afe8aa13321d8af48f64e532f729dc9cf]]],Check out Carrier Rankings on #MyMobileCoverage app.  See how your carrier stacks up against others in your area!
[[[17ed9d232c91884e9b9a1089af72b05c2124cfd42c6635d8af70620f]]],3G:
[[[17f8a26393cca5aff331ad1241b8c69bc797371812841a0b57b18cb0]]],Time:
[[[182383878727b1b39b1d30294f2b2b250e57d20d16ecb4977628a8e4]]],An error occurred while performing the speed test
[[[18cd1843a2fae8b1fc239f97bb06167d6832489d5539565bc1e62b8e]]],Regained 3G
[[[18fa552e63b57eef3c543817256708069976ece1a45928d5422dc543]]],Log Out
[[[1901673cf2559c5d6e7e689a17f3996e15a2d94855424ade68d48074]]],Tracking
[[[1bb0912ea07547224d3227cb8302c0793bd271b5c7e99c8f18e8ba3a]]],Carrier 2G avg near
[[[1bc84fe241812720bc19d4795f25fb31ae16e8ec77c539b916d7429c]]],Carrier LTE avg near
[[[1befb00e0a667f8e9177a64988052b680541457c641efdfe2ce678a3]]],UpdateUserDevice
[[[1d919c205d48aac815e69ae2a695b3127046c74bb04202f20f8c154e]]],Step 1 of 3
[[[1dd21dd6e49180fb6b5bdf7a084bd3f25524775436bf9d91da40bc13]]],Could not get screenshot because there is no external storage present
[[[1e605863469896099da6682fc3814906ce4800e9a702be67b3ccde9f]]],Carrier rankings including my carrier [[[@CARRIERHANDLE]]]
[[[1ef5305724fffd39ea4d9e5b4270fdc81aa420e4f18dbaa3aeab9cca]]],Thank you !
[[[1f07ceb37c4d12779b5690cfe75d68394889c44872a6f1e9f7c513a1]]],3G Download Speeds
[[[1f8fdd540159c8a3f02ca6d25064564c05337acf679594df8288146e]]],Include email address
[[[20d5159095c03259a8f5ecdc63438494fb26de6b2cbb59a1c8ac7e28]]],Call Failed
[[[230f6ec77357f078a038a4bfd962f52b74652091cdfda54128cc6b51]]],%s on [[[@CARRIERHANDLE]]] and my #MyMobileCoverage app is sending them the data.
[[[2314d893bcdb3ae1d855aa443645b142d3f1275ca126764fdcbde0da]]],my mobile coverage logo
[[[2332576aec2c364e2a2cac6b6129d1a92de9864fe20e66331ee99de1]]],Measurements
[[[24906e05cccff180cc87515ce7b9293ba2a89a9d1f15b10caad1b0bc]]],WiFi avg
[[[2497d17c49956b3cf2a204e370233c06877915303a3601c34c6c6402]]],GPS ON fine fix
[[[24f76bc873304e781457899b126c1893ac617a8ad51e16e48926673b]]],Event Type
[[[25209732bd5876bad24a46949451e3cd9756ccd065ed7d6b4c472832]]],Voice
[[[2623084f2826eb9be05feb9abcefc14e2d4dee4ff579bd16c90213f1]]],Starting speed test
[[[26e9974d3a296efbadbb45a4b2c5aff6237af3a13a7ff1d9c74aace4]]],"An unexpected error occurred forcing the
	        application to stop. Please help us fix this by sending us error data,
	        all you have to do is click \'OK\'."
[[[275d19f1aad51bfb5d41967ad28bfa509215729875e9fe9ca7f4c3e2]]],Upload (Mbps)
[[[28405281bb69ee0c2fe7fd0f1d623628bb1e43f79839632935c9e14d]]],Send data when roaming
[[[2862be9828dd8f9cb2be3c47952580e9206529ab765d8eb5bab1b0fc]]],Download
[[[2893c5e3aa27d9e9f20c82e0b9921c385df9e15828fc420f45dc5c67]]],Please wait...
[[[28b7c0e536fc1459e89cd8d5c588ddd300945c1313b4bcb33e7126b1]]],Bad Reception
[[[2904d968d0a0a7cc6a2e36f0a499b6d940738406abc2cb10d5f9bf1a]]],Login
[[[2970ff8409476ef21251cb6dbd76906d6a53d37484bc874fd48e690b]]],GPS is disabled
[[[29c86f8d31b9d46fdc596b774cc9f42090112dfd2f7d1e751bc2f1a9]]],MyMobileCoverage is running
[[[2ab5ded4066ab83a3cf7c728205d5eb11976431e0697d0c5358413eb]]],Twitter Username
[[[2abd5a8731e68c784919e5b1d41662c9c04a6f0c70e1b10f734a96c3]]],Clear log
[[[2ae1c5bd9ba7a717c740b49a90064736c6dc99fb05e9d7fe2c8ee624]]],Net change
[[[2c0614ebde650e93a75eb7b4772365b324797b8b75cf721a96016bff]]],Learn about MMC
[[[2cefbb305bec275a54bdfac15ded1a4645fbce34740e91b9604059f7]]],balanced
[[[2cf329b554317db61b1e965727b56a4d105f57a93375553ccd2b2576]]],Update event
[[[2dcfc73c46b66d1717ced497ee4ebae9585d645ac32443ad395e2f1b]]],Center the map over the problem area
[[[2df0f240a2fcecde7d764ff2c50c11db3e241432e0ebcd28bc69dd0d]]],idle
[[[2e021fba825ca32fc4ee439c461e4d94c8bd47a041bff6aa4a5d0e57]]],Voice:
[[[2fcea90610fd2835671ad462205a3651544ce26a7457035e44bc0391]]],Failed Calls
[[[2fd61b524bf324d7d7dce9535c800def45e16a26313baebcea0c25f3]]],RequestCarrierList
[[[302caffce189208bd7e9b38beb26c73f95909bee6b303769decea988]]],May need to blink screen periodically to allow network measurements. Has tiny effect on battery.
[[[30490790436d2cdfdf5795dc4a46cafe0399414a357ccfd682bf18d5]]],Speed tests on [[[@CARRIERHANDLE]]]
[[[309e29ff0e9bc131e013ecfcfc0b907f332b33da739207a501a527dd]]],unknown location - no stats available
[[[311ab619052c342ab923c2de33ae7eaecc4ef1c186fcbd3f230e714e]]],"Locates and reports dropped calls and outages. Disables WiFi scanning and data speed tests, with in-motion updates every 6 hours."
[[[3123b25d9063275b9716efc201f7bb97878f6ff00c2f3eb3631e8b4c]]],Map It
[[[31756f5e6adc0ae9f8af169335a400b81232b9e94ccf4f16b9615e15]]],Coverage Signal
[[[321a284ffd112865b6f312ad4e390257b36a12ec4ec3f952f656ffc4]]],Status
[[[32cd6a75f06ad210ea891044977635686c8c4f947c3f62c034ac70bf]]],Turn off monitoring
[[[32d80a30616e92fecb862e7c21e26955492132a71a97ab94e8f506b8]]],medium
[[[32eb6fdff75d4049e0ecb93c5e4712db60a4aa373d2790e4d4a5902a]]],Please click here to help fix the issue.
[[[332f0e9663b41dfea2240c7a277450881aae892c63c92671da13397a]]],my coverage icon
[[[337faab547cdd9e0ee4202a0cab95bfb2b38169ecb54c716bd244fe6]]],"Register using a valid email address, a password with five characters or more to confirm"
[[[34be389754ebf8cf0fc1cf5d7538d4340862fe386125fafda474fd92]]],Dropped
[[[34e1e6a6184a2e56c7ec907762ad8b0a8a8018d87f47955823611ae4]]],Coverage
[[[35993402db71ef5a2027c1d5f7c45eb31d87d1cc4f78ff0e451e8eb6]]],"Sorry, an error occurred during registration"
[[[35a6a2222f29b50a9fd330d849054c3f3e701beaee0b11423f3dbaa9]]],Please enter and confirm a password then select next
[[[35f836760376eb624be9f90616b380c4198505a88ddab3f8d6e9e2e1]]],Minimum
[[[3606346815fd4d491a92649905a40da025d8cf15f095136b19f37923]]],Test
[[[36cf0d672c9b727ad13c72d1a9dc9fb79b90dcfefc8c88e75601b626]]],Minimum - Basic reporting with very limited use of the gps to minimize battery consumption
[[[370e704fb867d3f859beb391f46584c6addcf88d141e2e02c81c3fea]]],Balanced - Basic reporting plus limited contribution to coverage maps (may turn on screen while contributing)
[[[3773278b5d5543edccd1b455763e1ba90b81d396d1aa96fc83520db2]]],Stop Tracking
[[[37ab69aa02e945ce264eb6a16ef7c9212f5a94ad186e16adf7cbc02d]]],Password confirmation did not match password
[[[37e33dadec693abab956e45c0004b5d4fb933cbea320b3c3a294f275]]],Days to keep data for
[[[37f5920c22c68e6ee9fb6033e79d278b25a455bcc92147015f965bb0]]],background image
[[[3806a417f0c6ff3203dc3fa596a303fea6841164a99643c19b0dd5d2]]],Could not get coverage from server
[[[38684af868898bca74e2498d3c36f1b36b31c0eba3eb8a88333d95ef]]],"Check out my data speeds on [[[@CARRIERHANDLE]]] using #MyMobileCoverage. Not too shabby, [[[@CARRIERHANDLE]]] :)"
[[[386f16179e61c380b0ade963a0cffbfdcc6d8d5c55a11ba01338a5b0]]],stat screen indicator
[[[38789b6a8981d7e9101243f58188302d5c837053318dec29231bc097]]],MyMobileCoverage is stopped.
[[[38bbbcd163abe6ee506acaa39dd90196e1638557e437749b4a15897d]]],Open
[[[3943b3944da1414e21330b783c906833cc6eb9827c34b2ded9e5a31f]]],Right arrow
[[[3951e09e648650a211caaeddc03ed904a826aa41a831f8f88fa0c9d3]]],images/logos/
[[[395a14922f7f05a5b261bfe3b8bc82bdcf209b657afe28d5f093e895]]],Getting Started
[[[398b827e89954493c1e174a5bde986c215b6f308bee0f0a0b52d60f9]]],Periscoping
[[[39efc916d0cd9649b4f25611644f74f07dab086de33c3965c9f63b57]]],"There was a problem logging in, please proceed as a new user."
[[[3aef743ee8b20e90bcb7350113e8056697f19ab0a90112e6c367e6e2]]],Stats
[[[3c4dd21f30828795aafee15e111ee72f857a86222e37dde8eb27bcb6]]],Email sent.
[[[3c976b55bf39aacd59903b02d4f5e0f4a589ee67515afd5bd2057154]]],Just had a failed call on [[[@CARRIERHANDLE]]] and #MyMobileCoverage app is sending data to troubleshoot the problem.
[[[3d26792bcaa2d8462093bebb8301c0586048a5db9c8df478221a0e33]]],Enable syslog reporting
[[[3daef8f2ef44388dff36d02fff286d94621baedd2f366aca99f4d1cb]]],Failed to get location
[[[3ecc9f4166efe3ee94c9d220f4d017c9af3c1601a1908c86c1ed88fe]]],trouble spot icon
[[[3ef5b8957fd9903f625fe3b70a1891fdb7f9eb8fa620f9dbfec06dd8]]],Allow coverage periscoping
[[[3ffcb5b44aced4b597f3d832b4818603cecc4b1ab6880e1ac2a4f1cd]]],Yes
[[[412ddf183bcd6508f684946e64321d0f848ff1de8bce133d16ffbf36]]],My issue is related to:
[[[412f9a4a7fb56c201ba27da2a92c22144fceade32a0623c79186d6a7]]],LTE Download Speed
[[[4177990586a66a81c4f4ea8e6a872b04d501991ec8ba7f90461403dc]]],3G coverage
[[[41be30e036b519f420fc4b912bbc4894fbf8d5ae424ab95c08a22f7d]]],Confirm:
[[[42c18f457ad6297e6ed2e2b97f4f9c27cd3fcc894ec28ee2569c0e5b]]],Level when charging
[[[42fd014081f7154f993b65b9e3356454a13a21b6d1e5bc565fa3c5f3]]],Start Tracking
[[[431011ad3c6cfd22169a2012019a600a1cb428dee9f08d8d7dbfe6b3]]],Could not get carrier\'s speed
[[[4633fd735efd91420fe8b50fbb0ed74ab445a9a2f595fa9358fc58e3]]],"Check out my call stats on [[[@CARRIERHANDLE]]] using #MyMobileCoverage. Step it up, [[[@CARRIERHANDLE]]] :)"
[[[46e293cdf04ec51f0ee85b15c1d820f6a79cdca451c0b04c0e1cc56a]]],"Check out my call stats on [[[@CARRIERHANDLE]]] using #MyMobileCoverage. Not too bad, [[[@CARRIERHANDLE]]] :)"
[[[46fd2d6e71cba8ff2d8e39c57dbaf5797f4d85ce14df82f1e56719d3]]],Mb/s
[[[4714816401f059213a2c240b764bcea6744ef5ef46c22f518141e3e8]]],Coverage map on [[[@CARRIERHANDLE]]]
[[[4794e60ff398297bb02ba4896958d09e4150a7ce57159a640cc7f7bf]]],Everything a nerd could want to know about [[[@CARRIERHANDLE]]] from #MyMobileCoverage
[[[479744c255dc4f3235ae198ff0a7dd354f2fc8208cd3c7660b547336]]],"Maximizes your coverage analysis, with more impact on battery.[[[\n]]]
Frequent but intelligent use of the GPS to gather extra coverage, WiFi locations and data speed measurements."
[[[47c45fb86172af2a814ff7be5dfeb34b0150fbf74708bd2d0593af25]]],Step 3 of 3
[[[4808f035ea75263639181b890299d30f51470b2b77d77fac86767b16]]],Next
[[[48636e43512afd798213cc002b5501ee20ea2911969e2791b790486d]]],CoverageData.aspx
[[[48bacd983cb062d7db9b9ea85e2c14d440395ca21e3eedb24e09da65]]],Maximum - Basic reporting plus extra contribution to coverage maps (may turn on screen while contributing)
[[[48e88f142d954a912a8dff5b0225974c5f9419c299c2abba4ea12b31]]],Date Range
[[[491ea228e08ceb5078d4bae137eae982c2f446c0b445fad8c4140d47]]],MMC has crashed
[[[497d5d537b59316b0afd73e1f5e41bf06c4827cc8336a0b360277b94]]],Level of reporting
[[[4c795ea13556286cbba32d53f502211b36d4036500e18db5f1858d96]]],Dropped Calls
[[[4d0401a27fa226fb65d1ed493d040ff02491342e1633e07703eb504f]]],Quality
[[[4dea3c6dbb6f71de43d40cc697abc0d29c6b6022300a66b3b473720b]]],Signal Strength Data
[[[4e594d91c8a5388906dc128c3ed3fc33f96b109f16ebc995a845dbdc]]],Unknown Error
[[[4e69f9d3b8809e484c1e08bd98f553c7833132ea2a486e62e1e8f75d]]],Event Detail
[[[4f17d980815b6adccb7b4aceb9be1eb6f539abcdb77690c3cda54067]]],3G/4G Download Speed
[[[4f1d996157e54a1d87594813f21d2ad82aef571a451a95a04459d08d]]],Filters
[[[4f29a612a4f60ee05e028249b7dbdda24a6cc63d18c0b2e8b0c5c47f]]],Please register or login with your valid email address
[[[502cffc4b1ca2b3313571d11a95575cc18dbfe8367be9e880ca52beb]]],Service outages
[[[516743e4f8b0d3edb890178726cdc68a537811173e0ad8094e118939]]],Upload:
[[[523be111c9a420df16240737cb2051c534bc4e66cc735ba9c197c7ad]]],Back
[[[5356b79c76ae3f08f4636ae4b22b5671d1e9083661ff2a366cb19742]]],Nerd Mode
[[[53a67a9a93c2d704f6c6e41c314c710c8b8831d2cb55fd469f1796a1]]],logging in...
[[[54238c71e2c8f0fb0b5761db853d4bb94d8d6d6d9ce190c8c819968e]]],Registration failed. Please contact info@mymobilecoverage.com
[[[549672a7923cb7295607956d6e402c5cc3bd3ffd89802e60bb7c1407]]],Unknown
[[[54c4e7b4b5a3122ed9a673a0ac2b0df248bef02857032624aec47948]]],Register
[[[55238d3e3f2aee573611ec54b7c7a8c55f27b682858fd6db48d5babc]]],Other
[[[554da473e89362051cc23f796108465a9b01f6558e21713c42b283cb]]],Please waitâ€¦
[[[55f388e492a8a3d1640f5457f5561d4f96044a504f407e4196bb8b90]]],Carrier avg
[[[568646557dc1cec7c1c86bd00bfd2abf4ecc8caca25304d9a75f8061]]],Live
[[[5686aedeb9748575d4a4752da5e6c72b2cfb21fe78e5e6cd99d7b106]]],Carrier 3G/4G avg near
[[[5767bf99df30d2f7342f9875026d0c13e86fc2e98ffd9b0aaabb55c4]]],Event registered at
[[[5858a83cd737f6918eaf7085c30fb1d4ed13d9408da3e30c46ca0111]]],Restart required for change to take effect
[[[586989404981be4d6d1e0c2704c05e43019520563311b21437dc6ac1]]],Options
[[[5891ad761188e1d52bfd9cdda36915add220517df7ae4a22b3f21151]]],Start on boot
[[[58fcea442785b7f2c4cff08c1dadc5ec037187db2813ad07bcdc660c]]],Maximum
[[[59ecc6c8f00ff0a1e72d30badafd8c5acd03927b67730934c0523e31]]],Speed test on [[[@CARRIERHANDLE]]]
[[[5b97a6fb730c7a350066d33df707c1d0ca857aea5267c47efca7f140]]],Connection Error
[[[5bcb23e8694ca54d20c93ed3f1db39f81cc555246e51331e25bca3fb]]],Location Status
[[[5c6ad0ae07308dd5253ff71e1b04cbbb87dd1622e147f4a171fb3e52]]],Your Phone
[[[5c75790dc7edaf21e55b2b13760a2f3f24e07b22b3f977b9070330ab]]],Crash reporting is enabled
[[[5cb1f827b2d20be194458ebdc5729b8d67005cf336281f041d19ddc2]]],Tweet
[[[5cbf5b608ad016b9557bbf49774a3538f20f0315435a5b6eb4106411]]],Total Calls
[[[5dbbe0d0d08216fa7a7a453d5f60dac6ade5eb057f09ec071249abd4]]],Outages
[[[5ddad177059ad51a7ea0e738949b8cb1cec5bc6c4a44fc5765d51330]]],Ugh! Can\'t connect my data [[[@CARRIERHANDLE]]]. #MyMobileCoverage app is on it!
[[[5ddb2418e1835c0f05d25825858dc51ed0f60317ff281eeec0eb7c24]]],Enter a username or email address
[[[5e3a07f18e38e18503b8bb6e05666855ed2d438809693bdf473c91de]]],Your password has been emailed to you. You can use this password and your email to log into[[[\n]]]www.mymobilecoverage.com[[[\n]]]from your desktop browser
[[[5e869fe30146704330c6e3cab3018aeaf2df107f760debb41ad872d4]]],System log reporting is enabled
[[[5f0f78badc7c7d883f6830a672b518571284ebd8240a8245289dd397]]],Kb/s
[[[5f4c0265ae687bb9acf17235514c89e027d524b3382dc6f68c59f6f9]]],Close
[[[5fada65104ecc35ab6cef0c96301b306e4ce14016251deb9f132dd5c]]],Save
[[[5fd74537b14c7c6fb5a957e3ce59d7cd37308680bdf2cb629039610e]]],Cell:
[[[6008012d0a5fed206db68f854fa4ff0c9d13cd2189dfbdea1d79bd9c]]],Attempting to get location
[[[607d391952afca0feeba5484e3458e4ec620480c5784506ebc24c7dd]]],minimum
[[[61139d000edba29949d317846bdbda26f2fb3dbbc42ebe422b6e9a40]]],Choose Profile
[[[61e51550cc8115368e7d5036323c7fc204b6ad79972f6fb0fe8ca133]]],You get even more network performance details in Nerd Mode?
[[[6273b65a8254a376ce61eb45045bc9757601d61d9e0100f839373f68]]],History
[[[628d5029f6a81d97bd0f470b9062341082f94087661c84614428573a]]],Password:
[[[63e2b4c03daa3428c10fa1c8bbc3b7837af32fddb982205a5bc143f3]]],%s on [[[@CARRIERHANDLE]]]
[[[6437b2dbc8f3531e27accffd1e6a62578a7bcdaff15a52f8b88c6d46]]],Network Status
[[[64939bd713b407eeaf1952622db5cbe381d30581fc71e57cc6847356]]],Map
[[[652437238d669d9a8a215f224178a0d8b13fb0bda9bfa0b1d0d29413]]],GPS Fix
[[[65a3c12c83c431997420b02a2975443b220da84c378ce1e22967158e]]],Lost 4G
[[[65ac1a06a32b16f244619953792c924ccf7fe633b2aa6d1f4345b80e]]],speed gauge needle
[[[6642bf80fa71399eff1f4284e9c43b29db9261a860e7b5aa9c437046]]],Date Time
[[[6790c73d0524c6b6b7d61986864e3ddfa254694b1214fcf6d7c1d129]]],Crash reporting
[[[681d4f8f4d8d92b3587dfbc04ba490e85ac173cfce18eab14ae3e7b7]]],best(kbps)
[[[6900fd45a00c59669a51db27679a9d742db6ad493a7a30642ffa9fc9]]],Signal Strength
[[[6991016a8348206e3379bc0de0a0114ee33501da676a131f24db430c]]],"Unexpected error, please send a report"
[[[69aea4fd4c2b708cfcf61674ad916cc744812584d017b1c7a79b575b]]],Started
[[[6a708a469d3c47b6cca4a3271de709766e241e7c1ccc290214abf7ac]]],level of coverage reporting when on battery charger
[[[6b1ec2b39d7b92e4730fbd0b35cca7a6a96145f5e8dfd2b2091375a3]]],Failed Call
[[[6b273c6fb3655f564845e503fe58cc4deebc5cf6bd04c82cafe1251c]]],Download (Mbps)
[[[6b4cb8196f47631b79627abc29059ae359528be662806d2b337bb9aa]]],Lost LTE
[[[6b6009000209a29799eec3ff8a400b27e28b2afdac459f473a421f0b]]],Best Voice Coverage %
[[[6c1f69c6422000731dd7edd94f35de654f4ce22895c010c68eae0bb0]]],Terms and Conditions
[[[6c212b55f4c71c630368474cbf03749453f41529aeb40f42d7e19388]]],To test your carrier\'s speed please turn off WiFi
[[[6c34ab86c37241eb469964d5e53ca2689647e37bc1aadfebb9143845]]],"Check out my data speed on [[[@CARRIERHANDLE]]]. #MyMobileCoverage just clocked them. Pretty quick, [[[@CARRIERHANDLE]]] :)"
[[[6cf0d28aa2d6db869c6533d1d9cc7010901b7f58fd01c0df927904d6]]],GPS aiding data cleared
[[[6d8f3c6a7d5b1e012bd9c7203f357a925fce9ad3b20ea70cfba8aa50]]],Download Speed (bps)
[[[6e312c28d240c0381e162fde93214300552f978add2268d371a6701a]]],3G Average
[[[6e3c6e48cf694b8c39717c6ba2acc1720ef49b759a06ad37b5c748cf]]],Rating Number:
[[[70134c7e7bf4886bb7c9917151c2cce64f35f8e623e32b112e9d6eb6]]],Acquired location
[[[70a61658232f4e59251c710a6722605fb44aea56dc9bcba90144b20f]]],Allow my carrier to see my phone\'s events
[[[71263ad9f9782e07478ed00ad0815b0535dbcddf2c1f3ba9f1443e98]]],Maps
[[[7150a52cbf1607f1d9bfae88fe16c5197e82b4d1a694c2d9b7f1ba14]]],Log out MyMobileCoverage
[[[71c06ea5a6d7c01f88ab1ce498588da6853b65f7b03250c3930ca0e3]]],"(optional) By providing your Twitter username, you enable your carrier to see your Trouble Tweet and fix your problem!"
[[[71c293ee32c66eff03414d4dcde1f0edad210c4e4797af59fbf6fa70]]],Reason:
[[[71cb69a7258aad593830f02ee7f6a9d10e7c61e3dc41dc2ed68a86a0]]],Average
[[[72adb9e27b771688b18bd77563139335520e9bc91f4b9a5d35a71748]]],The map will display outage and dropped call events once they acquire GPS locations
[[[73bce6ae8d1a3502fc03b991110321399d9ed7d35a589afdac0a84b9]]],View details
[[[73d5cff0735297a47e45f442b4fd53f8e209c54f40d98f2870103722]]],failed(#)
[[[757cffef9ad37b7803af5803a946c54420679174bcfa977dc6a69d1e]]],MyMobileCoverage respects privacy and will share your coverage data only with your wireless provider. Personal data will not be shared with any third party.
[[[76ecb06c417beac0fa5df1d598d6a7a583e970160e53bf1d0caf23d6]]],The number of past days to show events for
[[[7767a99698555bca46d15342e8f7db990c3802b027ba202037260b63]]],"MyMobileCoverage will send the last 24 hours of all data collected on your device to the email address you registered with: [[[\r]]][[[\n]]][[[\r]]][[[\n]]] %s[[[\r]]][[[\n]]][[[\r]]][[[\n]]]for more raw data, login to www.mymobilecoverage.com from your desktop browser."
[[[78e537c5e32919ebc854e08c0ade86e2fa5c162c1b25d5f59fa0d939]]],Passive Scanning Mode
[[[794f21c4dda81c49648dba87d1fc533dcdd143c668c3f84d7dedcb6c]]],Center map on current location
[[[795b59fbd904dedaee85304572f99aff0b63e889a199cdc96d44e9f0]]],Speed[[[&#160;]]]
[[[795f59fa6106f0113acba33e4ddbc9dd9f23567702420184e8b66cb9]]],Failed call on [[[@CARRIERHANDLE]]] and my #MyMobileCoverage app is sending them data to troubleshoot the problem.
[[[79a7de49bb0dfba5ec86964e95358ba539a04d6f928107c592699fe5]]],Get
[[[79f915f723690be75531b731ac86894035ea6aa26713420f47413f2b]]],Speed Test
[[[7ad0a9efd6fdecc40b0c558efa76ba6031b9e54f646171b4016466f8]]],Sets the level of coverage reporting for smart battery management while contributing to the coverage map
[[[7b17ff17dcc0a7c7c480acba0481dbeef8318f66d0cb1ead6d2e7072]]],Fill-in
[[[7b8541eac4382ddc0186f350c90536664f4cf3cc74a4a27d0b8d39b9]]],Disconnect
[[[7bd439fef2a052a7e5da318f410b61d49ce5edcc387b691793af0ed2]]],Calls
[[[7e3eefa854ba95b3bf62ea0da8994ed4dc28a59531bb1f10f39bf2e8]]],Check out my call stats on [[[@CARRIERHANDLE]]] using #MyMobileCoverage.
[[[7f027d6273e01777d277850f57be400377fa8f174ca1411346fbb310]]],Shut down MyMobileCoverage
[[[7faea352b0f340606a83fd88ebf90e7c1048f803273b9b2887dda1df]]],"Unable to connect to network, please check your data connection or try WiFi"
[[[7fca6ab6580efd5774b2be77dc8b537e1fad847f08e0c19a65d09868]]],Overall
[[[80824295f2a6db2100589a5a4441faeffaa214c8893f45d511a6a0ef]]],Pfft
[[[80b4d093d606920df3d2a8cf90a4715459a301ced6ede00b2926175b]]],Near
[[[820b3c6248ef064f88ee4f5ab818538ab5ec979597feb2de47e21dc6]]],LAC:
[[[821c98f22e613aa81404cd97b78ade3249902ad0d9826be659cfd887]]],Rating:
[[[82838bf0cbb3d388eb99221496cb36d128d75b116eb29583aad062aa]]],MyStats
[[[82a897dc7e66c2ccfe36a72c838ff3de88391059b4d62490ad807d0d]]],That you contribute to a worldwide coverage map that you can view in greater detail on mymobilecoverage.com?
[[[82f2346040d2e51d9cb93b2a1a9826a6c366ea6b3ff86eb9e3c6362d]]],Get Started Now
[[[8599cda7a9bcd25d21c5929985a09a85884eae23683ba27497708a10]]],Call Dropped
[[[868782a832e5986826c5896466f2fc4436dd48b1534839782e3b5e5a]]],kbps
[[[87859404388dd19a1b87743040c8ab5c39336154ca6bc71941d0baec]]],Event
[[[87e08194ea0a149f8fd5cafeaba2380d1bef6c22edb8897a67305cea]]],Location Unknown
[[[885b6aedfcbd838d03d384dac297139ea0a23b8d1c3103f4ae2cea2c]]],Max when charging
[[[88edc1a424e9e8088c24e5b035ea1eabb29d81a8c8f8a4573ee856f3]]],Password cannot be empty
[[[896f3b78db66bc20ac44398bc567351d6ce7a6ebbb506ec39f12fa24]]],Allow background sends when roaming
[[[8a4caa9d77a6654ac7e9ac80460e4113e5fc486189994eeaf5f2f522]]],Are you sure you want to shut down MyMobileCoverage?[[[\r]]][[[\n]]][[[\r]]][[[\n]]] %s[[[\r]]][[[\n]]][[[\r]]][[[\n]]]This will completely stop the background service until you start MyMobileCoverage again.
[[[8aef2e192ef99a086b18eb1c5a5e36f0e6c3b05c720b3c9b2ff945ec]]],Downloading %s packet from server
[[[8c834fec3e545253cbe8e821105dc308dc8849f3285c31b1073afa00]]],RegisterUser
[[[8cc90ac1bdbbdf25e4cf9e816e656e098907415ec7693f8f5b85d763]]],Device Id reporting is disabled
[[[8d3030db862e62f1b847e5e0b0cd27c3581f3fc0668f9afa22153984]]],Acquiring location
[[[8d926ecf85b3256339768e8490e74d3c90a2c27327d669a496ef05be]]],Latitude:
[[[8eb5b8f9e195bb071efc636b12c52fe571e6fa19da846c57bf702022]]],MyMobileCoverage respects your privacy and will share your coverage data only with your wireless provider. Your personal data will not be shared with any third party.
[[[8ee3339b07bb04763a5fc363cc6a6f064125600a94496f2ddf51020d]]],Thank you
[[[8fcb698ef39f1b7f6de37e884987c9f52f868c6be43b08bf97a148ae]]],Data outages
[[[8fcb970936e5ee9c2dd290e7631680800e99d93b3caaf897f1fa6e70]]],Please log in to MyMobileCoverage
[[[9045fffcbda1e664f47eb7c8c801f8c22d54e3efc3bb5c17c0ce9950]]],Periscope
[[[91c4cb47f7e8e849ce3ca1c13997a3d5665a98ed597a9ef2bdb9a4b8]]],Signal (currently LTE rsrp)
[[[923e4aab2e744bd078750f5bb2a0b1d8adde3b9bd6181ad509c30edf]]],Phone:
[[[9246bb40f5375763e9373aae27e9bbbcb61266e510a396c496bd319b]]],No Data
[[[9308512526073832d33ae2aa11c672154f36f7f54e4006a8ee83ddeb]]],MNC:
[[[936822d01e27239caecd2d461315dc26392706ae8ba41e7a08806abf]]],Compare
[[[93758524c7c602e33a37e94dea5bf2b884775c837c0ad1047e0d3eef]]],AddCall
[[[93b4bc44445d5c901000cb1b9609f04ca91a9b018c8f191f647bbac5]]],Usage Level
[[[9440fcfbe673d1917e876263c1dc3ad7c2d1e8bf8c1a95d4aeb40ea7]]],Lost 3G
[[[94f8aae8302b7a8d3c71a8e6cb93277e2b2f845d2c0453937ace79c7]]],Ugh
[[[9686a5cc6b26d3e953543000be781a2145a33707c358d9c9e424b0ed]]],You may change the email you use to login to the mymobilecoverage.com website to see your map
[[[96f492e5672f2ea4e8e01f49a91bcc9f09cb6906bcc702c9a5117e68]]],Lost Service
[[[9919148a474f33b2e6ed8f65d5131a150bd979315d553c75f1fbd948]]],Speed Test History
[[[9925b4293c3f17e276e335e6e470eadb1851f9a224399ad4d935ccf3]]],Longitude:
[[[9abfee23e212733cc196590761ff38039b7d78bb2f8b5f879d045229]]],Signal RSSI
[[[9bdde1566da46229d3ea96645772f767d5d11abbb9d11c47ec79e7ca]]],You have no stats to show yet
[[[9d0768c712bf2c1063185db4a009ae1117bc8e7f9eb1827a6b70592d]]],Edit Profile Details
[[[9d68fd7d2b9e208edb77ede71fe6c547b34f40f0b4b28741f68c0614]]],Detail
[[[9d7057c7e71803fd1bf0daa09ee57db7823e76d18e8bde7f7d387719]]],"Know more about our [[[&lt;]]]a href=""http://www.mymobilecoverage.com/docs/privacypolicy.htm""[[[&gt;]]] privacy policy [[[&lt;]]]""/a[[[&gt;]]] or [[[&lt;]]]a href=""http://www.mymobilecoverage.com/docs/tos.htm""[[[&gt;]]] terms of use [[[&lt;]]]/a[[[&gt;]]]"
[[[9e169ace22aa020530fd57dca0f0600a612757dee78c1955847b2cab]]],Report error
[[[9eb1dc8a4ec48945c9a8777c9eb871e04fc06d7afe86ac12a96afb22]]],Call Stats Benchmark
[[[a064c3135ab14cc564ea5f0772324a89654d2fd7e09bcbb9446cab8b]]],@string/Settings_Balanced
[[[a132204022e1bcee74d1a18cf5750cefda2fdfc0f7658304934b66e2]]],This username already exists.
[[[a25166d43145cb76a6d298502f56716ccd993b6c0b4366d12af35333]]],Unknown location
[[[a340a56fe82e770131a0ebe31a5ee9b42405ee271e9b925eede5be32]]],SetupUser
[[[a4beb23ec8fe8e07acf2c1e52b29d39eef24a50dee48d9ddeb0ca4bc]]],Update
[[[a554bfe4c4d30a8c439d4a3d5431a8711b47ada1eb658d288033bf6f]]],follow us on twitter [[[@mycoverageapp]]]
[[[a5a5703f66498646901f328a3ba92b3b8c50c1883bba488fb947225d]]],Locates and reports all events and outages and includes highly accurate data speed test and in-motion updates every 10 min and general updates every 3 hours.
[[[a5be12bc6841d744b9b97d816d5ebdf0d7ff9dce40104bea2f108b2b]]],Lost 2G
[[[a62a9c5a912eeb948df09b40807b8cf33a2fab7482dfb6d3ff6f9c4f]]],Send usage statistics
[[[a644b39341629b5207946245b5c6508c6198477034a794ebc8a4b804]]],speed gauge
[[[a6c8ccb0e2209306f96c22df7b02e0f78711782e96661840cd42d5a9]]],2G Download Speed
[[[a73e6b41a0f757335cfbc48a4e707adbaf63c584fbbf6009f31aedb1]]],Are you sure you want to log off MyMobileCoverage?[[[\r]]][[[\n]]][[[\r]]][[[\n]]] %s[[[\r]]][[[\n]]][[[\r]]][[[\n]]]This will completely stop the background service until you start and log on MyMobileCoverage again.
[[[a77c1fdd2cdf526753123b40302e00b74f2762d75a2345187ee7b43d]]],Connect
[[[a786e7d7e1d004dcd9c09306a802c2cd801debac434a919679e8882f]]],MCC:
[[[a7c607ea29f6a0fe4241fd00268df8e458ad3eee42c18bc5437b53f3]]],Dropped/Failed calls
[[[a829e1c7f45d378e62f92426c3b11f742b02f74a4db78b3d05fd8980]]],Finished
[[[a89f477ce7701f45f90a1c18d952af491dc0b98488be31368209aab3]]],Send log
[[[a8d0cb51798d9fdeaaadd5b438979de9122d1348261f7857153f5764]]],Event History
[[[a911ec58813ad1bf26e0af35f2ac675b925b37393403cacb998e45aa]]],speed test icon
[[[a93417af0449e76cd2b0e210682231082da98b1837c2bf5e6d5ab608]]],Not a valid email
[[[a9daa95994b0a0501d332f9f82ac1c8fa3f2d9bb04e73e11b27f5ff3]]],event icon
[[[aa4df5a9d38788dda1e033996ff1495a4cac33ae40f62317525a1225]]],Balanced
[[[aa6470edddfcb0ad19df8ab3edfb91c5923d4d2493d7639cab722379]]],level of coverage reporting when not on battery charger
[[[aa78bfd605e6fa72868d1b93207f857d900ae28ba7fdab282d47982b]]],It needs to be started to complete this action. [[[\n]]]Start MyMobileCoverage now?
[[[aae9d57ad5f56b843073e7798ad984af37392ec6aa318e67fdde444e]]],Speed test on WiFi
[[[ab2be31bec9e9744155f28d335a40d4dfa828e865e3e565a6a8c0eb9]]],Please provide your Twitter Username
[[[ab66c561273963ad905173326af5cd781e0edd3c8294b38ba80be14e]]],Download:
[[[abb1d022eca056ac93c063fa3041f6baafd8d7de4f369972c1e3984c]]],high (screen blink)
[[[abb756a2d83ffbe6c6f2fc40236b9cd2da14e415c3b85e2262bc7e4e]]],Registering
[[[ac1cb2590bdeb942de4106f0d94d460b8e751773391d97c161db3813]]],Signal:
[[[ae156d4c20360efe30e2fb6a980b5a2bc6844964260b29012d12b44e]]],Coverage problem on [[[@CARRIERHANDLE]]]. #MyMobileCoverage is sending the issue to [[[@CARRIERHANDLE]]]
[[[ae7db0b5d2150804bf571031abc32024fee587ebf5a9a5db68f0a511]]],RequestCarrierStats
[[[af0ea894a6fa1ef6e1fb24dfc37ce19a9df8211c873e3d45cd0df4d0]]],Coverage:
[[[af7d760fda506e9b7d11fdf175b216f4deabe1b2357367337171d668]]],my stats icon
[[[b29a0413e019ec581eaf35bec521f3a519c5252c356fa9debbd3e9b9]]],Voice coverage
[[[b38a383bfa231be34cc447610be13221b6211755b5305b2cdeb6cd17]]],Edit Profile
[[[b38a47f708f1f7d5c351907cdc0b4ca23390e13a7089c00037022bc1]]],"If you provide your email address, we will be able to email you with lost passwords, your raw data, and other feedback. You may also provide your email in the settings."
[[[b4e8a29838ae1162bde0b03ce16b75d4739d6bfeeac544c56a20ac10]]],Cancel
[[[b560db8cadac6c2b84dd58a8f779bfb30fc76199f2ba7b23e53459ab]]],Enable crash reporting
[[[b6792e40b1ba299f4a3fab77da1358e8569533caa39ae0952194b4d5]]],Mobile
[[[b6803931247291687b7ab01adbfb8e5793fcd37abc0e6cc44348a249]]],Did you know?
[[[b6d4aeaf03042765ecf44ac9edb36d5398f22634eca892e1aa63ec46]]],Don\'t ask again
[[[b6d7049599e3e7588b4ad2b7300704513ba45a9b8cd59c204981cfc3]]],Share with carrier
[[[b79c2156827dc79bbe25ccc9cef1be5da61397cebaa132b1329ec779]]],Not
[[[b852c1cf302e186b38c9d755a4c857f8c585bdf680eab6996dccf06d]]],address
[[[b9dde9e39be371ce9681402dfe7ee60c6260086f5ba10e1ff07b5d17]]],Allow MyMobileCoverage to collect anonymous usage statistics about this application.
[[[ba591ba6b22ccdb1017d17621ff11a87944d3d01a5a6196caf228a49]]],That you can choose how much you share?
[[[bb09d613b1debf1cf84ae1e0a75b648170d57103e0b8d9363b07e4ed]]],All
[[[bb88de31b638617807ff72a8cae20bd989077f31c00e1b821c72f30f]]],All Carriers
[[[bbd53699a85eda39468a6b5b73da4f9b39dbe4783422a3a46017aef0]]],network technology
[[[be6dd35579a81e351cb632fd5c81f5f4339c761a82e7f2e578da0b6c]]],crosshairs
[[[be958aeb645558e92fd7f5bd7147475f593d46b086eb8c1123ee848c]]],Help
[[[beae43be96e90f33c6504142e259b78939f698f184b45e0357f06f58]]],unable to connect
[[[bec4ea141a6b3610e2c45d4275a8758db9855ebc62b36bb8ac49cbf8]]],Download Speed
[[[bf3ac62d7ba5ac0b1c46bd9ac2f16cdbb2b998be884009b3eb9754e9]]],Accept terms and conditions
[[[c0ceca14c0ec281933379ae8f7933149004f5a4a1c7c9be157df33c6]]],User Account
[[[c1704cd4b178b8251e859ee709861eb3d11015456a80af7beb40f53f]]],Wake to monitor in sleep
[[[c1820d87954eadcdfae4c4a9a054bd0f233bfd427dffe4a612f7f56d]]],Level of activity needed while sleeping for effective coverage periscoping
[[[c2de0bc945eff57c47181f7023a184869a265a89bc24ba9693afe55e]]],That you can share your coverage experience with your carrier or friends?
[[[c2f5bdb216fd03541afa3f655938d9c04cfac4a87f7c1b90fecb112b]]],@string/Settings_Maximum
[[[c4b0bced85ca787cb9aeac89d7f8c5bbac6541c002722e5249053cac]]],Step 2 of 3
[[[c4b158980cb127ec4b61c7409fd02fabe867d223c95b7884ecf64f78]]],Email
[[[c5580a1d063711cd7a665566718d5bc4b8b41992e02c0b31611cf22a]]],You might add your comments about the problem below:
[[[c57d224981edc8121c81d3b1c11f11ecc74c5bbb8f65647ae92ad400]]],Speed
[[[c698a80d1407917bc86c180a79583b0bafad6a3638bfb6543d4cbba2]]],UpdateUserByAPI
[[[c76534afb1189d7774c5af0663783213dedd10620346c1c7f115ba98]]],Send data only on WiFi
[[[c872668d8dde00cc32e1f2104d813d10495e1f075f54d0a20831e691]]],WiFi Help
[[[c9cc626fb846b1a781b6dfe8979ac79deef19541702612b95f3a016d]]],Email:
[[[c9e79d08d4738e9025c5d4708134ac5becb2f950f114405bb2858f5a]]],Download Speeds
[[[ca3489cfd9a1a08c965f0c3c593a029b66494c6266c918f06b1cf7a3]]],Regained 2G
[[[cb227425315b471bb6800f481882f48ca789c2e1e2bb08df1f935a23]]],Just dropped a [[[@CARRIERHANDLE]]] call and #MyMobileCoverage app is sending the data to troubleshoot the problem.
[[[cc3b6c9e650fb8ef6a9b71355d2734fe15c3ec53bc38f3cffaac3993]]],UploadSpeed
[[[cc4000e80af9df29fe13de5dfb6d241ddaf2fc754045f3ac89844106]]],Waiting for location
[[[cd19e554498e243f09cac8366314d9b809fa25401336197b90232eb7]]],Change
[[[cfa67908fe58965a3eeeb0db041ec5fb04cbd6b2062559430450dee9]]],Password confirmation cannot be empty
[[[d019220762727a0febcb4858bcbdd6169f2b3deb19a22a2436dd5440]]],Uploading %s packet to the server
[[[d2124ee476c482466ff8db0051aa15b8ce5b86127428a2844e666009]]],Prev
[[[d21dc7393e7a8cea4c53f8c14c925e259bd2394860ec152aed4c29f7]]],Upload Speed:
[[[d2bd35489be6c3d77abf338f2a0352b30ddca5b720984e0ef3e70afa]]],4G:
[[[d2c04a1b560e1e9b95084b341f62fbf11e6aacafd54e58baf5f6757e]]],Dropped a [[[@CARRIERHANDLE]]] call and my #MyMobileCoverage app is sending them data to troubleshoot the problem.
[[[d375e87feefe739b9b510b2dbd0bfbfd954cffa9fd16a9d0cac7c5dc]]],Regained LTE
[[[d3f4e686e2451fe9cb778153b547576306baaf39ab90c763d0e110d9]]],Rating
[[[d589826e56c470bb4a7bc8cfd82a3e40e181db4aed82952788b0e788]]],wsMMC/MMCService.asmx/
[[[d719f23796faa6ba29e8aa9842f4b2f705c10581cfdc65fa5264ddbf]]],Lowest Dropped Call %
[[[d81580ca6211140c286501141878829abb5e26849504cfd16fe63c5a]]],Events
[[[d836de4ae6059d693717a45e186c2529468695c5afd4418ae90f8df8]]],GPS On [[[\n]]]searching...
[[[d8eab011c33528182005192969b0606cca43ff72f686fce014e3574d]]],Gathering Statistics...
[[[d9c38233601cd475ab7e399ab0b569d01c4529e4ff31cc9660224a51]]],View on map
[[[d9d757174efb25b19d456979f5749cd29087f86dbc17cac4b04fc5b7]]],Live Status
[[[dad9551084dcbbede553d654751879e87284475584dd3f7735a2431d]]],Speed Test failed
[[[dbc12241db03f75aae92912a87de5b38617199cd3ab6181e20adf6e7]]],Call stats on [[[@CARRIERHANDLE]]]
[[[dc9cb61cc71d2aa268f3ee61e017e12292ea19a3cbd56754aa879a9a]]],speed gauge needle glow
[[[dcf6c0b172b83f6086516a1fe01e89d3609908e062e43a64a259e18c]]],GPS should be enabled for best results. Would you like to enable it?
[[[dcf6c5b10587824ba685f6cbc9cacba86977105d86a0220ae405d789]]],Privacy Policy
[[[dda9dc10c8cab8fac73e456956730f76ec8127f2674b07870093809c]]],"Check out my data speed on [[[@CARRIERHANDLE]]]. #MyMobileCoverage just clocked them. Get the lead out, [[[@CARRIERHANDLE]]] :)"
[[[ddb75a869b3611bd16767d8a6f429e7b92466007fa59271493eed08a]]],Latency
[[[de6e3c7f4b057245714e586e4af32f3880b0762878ad6fa5d9be4c44]]],Signal Trend Data Unavailable
[[[de88e73266f97c7ef031e4e812aeeb1140d2b3ab85a75ee705a4cc1c]]],Dropped call on [[[@CARRIERHANDLE]]]
[[[df0a0f029eca1abb4e3d9770400fc75f552f316af450d7e2860573c1]]],avg(kbps)
[[[df2a85d25876fe24fdc245abc9060f5b3b446bec516853928fc25b1e]]],Login Failed. Please enter a valid email and password
[[[e02dbcdd10e652af6853bfc2461f6f69d97ad9f3c3dff73c4bcc2a16]]],CoverageImg.aspx
[[[e040f5b72bb356097061ae36284a0fc358271e028e623502fd2f1fa4]]],Speed Tests can not be performed over Wifi. Disable Wifi and try again.
[[[e08ac7a7a53f2399929bc71c2b5b9a0013f24a00448d0152f7d6af3a]]],Share
[[[e0b26e44b28f61fcebc3a46bd16c84ebe9a64264d489d65921c14c76]]],GPS [[[\n]]]Partial Fix
[[[e20fdc4604b048d5496f52c20aaaf1d9d890317f7771a888aa475a57]]],"In order to use MyMobileCoverage, you must agree to the terms and conditions"
[[[e3c2b16102594f4782ba0d78859e60c3d07b8539fdea092a53099131]]],Locating
[[[e435571639fe48938961a662f87e87f3b452fa697ac46c647bb9e8f9]]],No Service
[[[e4ea41d2606cfd5d511571fb6edbacbd8a20ed53aeb780ee946606dc]]],An unexpected error has occurred!
[[[e55adbb1faa64b173b628b635ce082a472218d310ade67825deee621]]],Location
[[[e592a37b6fc06cd9afac9caf9f54c0cf631f62e3cdd01c7640a9d743]]],Add a comment (optional):
[[[e64fdb25c796583888035f11a32eda37b9003d4dd3d31199fb4e6690]]],Scanning
[[[e6b3fc03e84c8ef535e5ef39c902907cf25180241ee79c8e7d8c03a0]]],"By providing your Twitter username, you enable your carrier to see your Trouble Tweet and fix your problem![[[\r]]][[[\n]]]Click Settings to set."
[[[e71fad5f33f0b603a04a334a7a28d188038ae54b4143228d8544f350]]],Download speeds
[[[e736f9e23da62b2ef01ee86868e2870455f2e8bc78c69760af3f24d6]]],Shut Down
[[[e742f446ede7b0c2b0d9e0bda403956fd79c6616c196e248c543b965]]],impact level icon
[[[e74f18f6e7899273581154f316e10f6042cd0d9782648d446034f4cf]]],Device Id reporting is enabled
[[[e7c7046ce265c55dde544501cafcd486c2b3f291149a5fd35f111e60]]],Username:
[[[e81828eb8654088ec7e1c6004c657bb37f3263d146d27fe03d0b18d4]]],Upload
[[[e822f79f5a84eed2b5459ec632ec40a94381f8d7264da113c0fde92e]]],Dropped Call
[[[e833443bc9b378dc6b5c6460e03dc0ba835eec7a8b0eecd97ab2b11b]]],Monitor for call quality
[[[e9d6742b87ce4ec96eb9356bf20e03f180945d56a229adcd1b7f1369]]],"Unable to connect to server, please try again later"
[[[ea92d9acb33093e9dcf524a49a13234cac6c5612597b41a7307c9d4e]]],Left arrow
[[[eafec83a42740fdf7409577f7eb4044a04d4f8793f5960b66d9d977e]]],GPS ON coarse fix
[[[eb452917ab1184550b6bab7241484f29ff3fd5fafced7bdc7efdf33c]]],maximum
[[[ebd447a7bf30852987dd84547b5879e91a538002a44564c1a886f013]]],Carrier avg near
[[[ec36c4f934c032240d3206cde37a4a702c2d8597b916831e764739bf]]],low
[[[ed1fe540efc6359a9b6685dbafcf1d0cfa6403533905094d7517993c]]],you have not done any speed tests
[[[ee695fa0d22e7a65391e4527ae8619e6bfffd9bc73023b5a3aa8f188]]],Server Error
[[[ef5556cee6b3e51e8b5f8ee4e2a41982e0e792e01e9fcc1429c06c41]]],Normal Calls
[[[ef5e7e8bf8f8977bf467174e7bc44ea4d0b0bb2b1bd8a225a1731898]]],WiFi Download Speed
[[[f0bb282ef7cd8467a575d2809221885737c2f1567f92a59ab0f7be01]]],Please enter your email address for crash reports so that the developers may contact you
[[[f0dd719c0391b3024739b73932c09305bdffec48c1359f8f01110344]]],Email Raw Data
[[[f1149631a681ac7f711c6332f8c6183293b056099934515ecd271b11]]],Your device
[[[f2033a8164c9afeb4613b7848eafd21f191079be208a8e9b9de64b04]]],Start Test
[[[f21620d0e4c34548903f51daaaca55b774d71eee344ed7d8d6d39c52]]],% of total
[[[f217d43a8e0691733607cb65880602959cc6347ea3c7eb1502813156]]],Error
[[[f238e6111008e19e014c4b55d06b379d9ddbb564dd1d742924e7f7e9]]],Registered at
[[[f2429af2430c8b6afab41ed75bbe15050075b87e7a317d0496d41928]]],Settings
[[[f2e6bad858b74dea8bd6dc74a2dc5c7f1d8bbf258ce543cf11869764]]],"Basic coverage analysis while maximizing battery life.[[[\n]]]
Minimal use of the GPS to report dropped calls and outages."
[[[f347b0bd84642e0c1582574d89909afb466f5619734ee2b8ffea5fad]]],Coverage Periscoping
[[[f4c6d1deb0eb24924db50b2067cb78d39de216af2470885bc2ef32ab]]],registering...
[[[f5f294cf4f4b69c215190558c070c6fbc2de819ced47ee06cbaa2cf4]]],Data
[[[f681a05692a30764502ce7ee287fffc57bd491b96793c2f4823f87bc]]],GPS Off
[[[f7086b63193d6dc73423cbd43c3ab8e3b3584f02ad2038aa53f3a307]]],View our Privacy Policy
[[[f798009455b47655fa47e1acf035104ceb8c26a17f5a42d4ae0f86b6]]],location unavailable
[[[f84a9359f2baff97b3ec8ff08c12773f765c33846c117890dac2777b]]],"Check out my data speeds on [[[@CARRIERHANDLE]]] using #MyMobileCoverage. Speed it up, [[[@CARRIERHANDLE]]] :)"
[[[f86734936174fae9eb10dab45d328c6f991602453dffff58543834e1]]],Visit Web Site
[[[f86af45b04f649277c1036a72a85eef863ed348635ff356af482bc60]]],Best
[[[f95baef4100d5b356c663175849b2ded70393cad60c0b967fc29a7ae]]],3G Best
[[[fa25bad5c70bf9f697a5dde95c9df1c56d57ff020714e94e11e98932]]],Other Options
[[[fa25d4336ab9d40a2c9e9d9e8a521217efca4dcbc33e621d26ee8172]]],Failed
[[[fb97a9ecfa09820f8875e34ac89b2d3a53b4cd57fa0fb4e286bf2151]]],Your Carrier
[[[fbad91927b79f7a64bff8b3e18af1d8aa5f7bda444ead7c487327cbe]]],Actions
[[[fc94344aab156dbf94aafb25a955d23c7df5d6a908dffdf08b74d784]]],Coverage problem on [[[@CARRIERHANDLE]]]
[[[fcd3b3b96dc4f01776de830926d90a23a510d6aa425349bf1175b2e7]]],Email is not valid
[[[fd35a6b8cc76c35f7877da0b83a3f97f0450b46f3cab0aff02d35e79]]],Crash reporting is disabled
[[[fe0389129be77c010c97ea5208bb2d379b4cc3bebd3b416fe063832e]]],Data problem on [[[@CARRIERHANDLE]]]
[[[fe0b73b31730cc40242d3f692433c7f8d603a3142dcdb884f9a44c20]]],Include device id in report
[[[fe8394befc839ad32e65d842375026f85b71fe0974198b4900728637]]],RequestMapStats2
[[[feba8c5bdb7d1cc44c683ab078631c15c6f3e9fb55e7404358426c76]]],Data Speeds
[[[fecf03136e22ce13d7cee96f96d5b4d670e7fd16d770c6e4591f802b]]],"Provides very good coverage analysis with limited impact on battery.[[[\n]]]
Smart use of the GPS to gather coverage data where it detects gaps in the collective coverage map."
[[[ff8b8e8815cf410e8e41c615924a5011af10bf7c6509ab4bbddd2e40]]],Regained 4G
