[[[0041ea3e0f6de06eaebe641f6b7eeb31d7b16b24072474a9a5946489]]],Problemas
[[[0146e63c643650ebdbb9da14beea2a1db16cbc6f60db529041237e85]]],Cheque la cobertura de [[[@CARRIERHANDLE]]] desde #MyMobileCoverage.
[[[0189c9f0af635d253a2e4ccbae489a3a756cf73941ef87d2f1646d32]]],Ingrese su dirección de correo electrónico y pulse siguiente.
[[[018b448ac6462ef4f2de7fdd1b33856243970a4a161746243dea8e4a]]],Valore el impacto del evento:
[[[01a60284f22c4af7eb81cfbb9a6da7f61a1e0ff9a88bbe21838f8386]]],Checar mi velocidad de datos Wi-Fi. #MyMobileCoverage acaba de cronometrarla.
[[[0214e41ac9832a6041b1fc90e0de6ba3e2e5bd1363ba9379b87bb30a]]],Mínimo
[[[02673c33aaf2ce3ba593b945578caeb81f84231a50099e813ae155c6]]],Seleccionar duración del seguimiento
[[[03e547abe4ffceee4233b2400fffd85fc159c74253d558f8a7188a5c]]],Velocidad de descarga:
[[[04a3f30d153f04f6c0be597ea977203dbf1f8d5ba26b9a5ec5b9e66b]]],Nerd
[[[04cab61f9fa5cdec742bac363721f32d299a67af72b7dc7ded66fe2a]]],sombra del mapa
[[[0506e7e4b42d727d258141662afb0706263382eb6770040a70095ff4]]],(detenido)
[[[0696768c80c97f91ac312037d68e7cf2ced0d06d872500e508b78ca3]]],Clasificación
[[[06a3f555b66641684c492dbffd32ad3f18fd4d72aa7fbea79a8d5a1c]]],@string/Settings_Minimum
[[[06a420e509c262dc4ed226bb6332414cd8d4305b14b8c3cf13899466]]],"Localiza e informa de todos los eventos como el Wi-Fi, las pruebas de velocidad de datos y la mayoría de las brechas de cobertura con actualizaciones en movimiento cada 20 minutos y actualizaciones generales cada 3 horas."
[[[07016e0f76155e63edc688e03444c0a2d0a589a4c778289cded19a1c]]],Wi-Fi med. cerca
[[[074241244a45d32c22afc55d3a7a3600f1b6380a56348a92d129e0ef]]],La contraseña debe ser de caracteres 5 o más
[[[074ed00e2b3da13f0288e2975e8f3f7891a1a94a439e36ad394198e7]]],Aumentar el perfil de uso al máximo cuando se conecte el cargador.
[[[0759c73fffa66f6b4af2e79c436686de03561177b3f9c5e054d4eb99]]],Llamadas perdidas
[[[09ce90982ad65c489af64a53b5342ce555c02a004b4d04bcdffe19b9]]],MiMapa
[[[09f3cdc8ac3a061e69e4be040f2fbad585c8a445a13f00d494751d57]]],Arranque en frío del GPS
[[[0a6a88c389f7e4037d9d614e7f211fd008d3e60777895feb802e43e0]]],logotipo del operador
[[[0cd6384b988d70792f2d9b7e817fca0e44e6ab282c7e2b670b3c264f]]],Servicio recuperado
[[[0d92e9bb7a12b208d716b90db92f7965d43f325346ba32020810b7b2]]],Estadísticas de llamadas
[[[0e20b84a896c8a602d54e2d3e748786983c74641da554a905bad3b9e]]],Información de red sobre [[[@CARRIERHANDLE]]]
[[[0e9658a3cc32b6b59cde3cb52756e8232392070bc804d83f5553e6e0]]],ResultadoVelocidad
[[[0f5c241b185696f05f250f66081ea4b53fb861c2513c2f5f2026ef05]]],Detener
[[[0fa827aa1b24af997e5533fab987e21a88da26dddd2b6f8cbdf5b87c]]],logotipo corazón my mobile coverage
[[[0ff60ade8b689ba9c0b4f30ae8376468674dcc4c7ff8016e4f55a6ac]]],¡Grrr!
[[[100370b34ac9b946daa6d584e514df6a34048e8ed4587c59fb2fdc90]]],Error en llamada con [[[@CARRIERHANDLE]]]
[[[109f1de5b40c38724c18e30002533d5fd85421ff259a59e3a7e49ead]]],Consejos GPS
[[[11b33eeb006747540c23f129530dc3e2d1f56e2dc48fdc1ec3a61ab8]]],Calidad de voz
[[[11c7c81f49b4734cbda88398209d19dba441a760bbac2eed5529d7db]]],Check-in
[[[11cba5a0f82ab9b884e9f95ef2e14aa5714b242a4b1b19c24e83baa6]]],Porcentaje de llamadas
[[[13220b6d317905734bb3157af5cbae6a11d2f856d1ccb9882caf1b01]]],Los informes de registro del sistema están desactivados
[[[13263d13cd5d5d9a4ae7083eda3448dc68f08ff203c5bb78ce5b8432]]],MyMobileCoverage
[[[13887b8e4715bc9bd4b3ed60203d01788a8408f6d15d4518cc17c512]]],Gracias. El problema ha sido enviado.
[[[13e3e072a600f0d6b295345fba238626e1e2109b95c48ed608ddc9c0]]],¿Que MyMobileCoverage mejora el rendimiento de su GPS?
[[[148fad76e4fa180116b4ef0695b87131ba5a96366616c5b07897d939]]],no tiene eventos
[[[14cea5aa34d8ee83b140a61ebd94754e2cc7afcb011c04f13d549814]]],Generando paquetes aleatorios
[[[14d80dbee47b7e1a0f52d6936a0eead7eba502c9fa0fc1bdc7f7bd6a]]],Modo
[[[15a0d8d58b2f6c865cae9c71e9f8a24a1ac922280d275b133b3e7dc3]]],Comenzar
[[[169ba185c6d72d50df1f4a14085109922d8f36e99f19d0215f2b9afb]]],banner de medios sociales
[[[16a7f1a07d261bb7b9c1c60afe8aa13321d8af48f64e532f729dc9cf]]],Cheque las Clasificaciones de operadores en la aplicación #MyMobileCoverage. ¡Vea cómo su operador supera a otros de su zona!
[[[17ed9d232c91884e9b9a1089af72b05c2124cfd42c6635d8af70620f]]],3G:
[[[17f8a26393cca5aff331ad1241b8c69bc797371812841a0b57b18cb0]]],Tiempo:
[[[182383878727b1b39b1d30294f2b2b250e57d20d16ecb4977628a8e4]]],Se produjo un error al realizar la prueba de velocidad
[[[18cd1843a2fae8b1fc239f97bb06167d6832489d5539565bc1e62b8e]]],3G recuperado
[[[18fa552e63b57eef3c543817256708069976ece1a45928d5422dc543]]],Cerrar sesión
[[[1901673cf2559c5d6e7e689a17f3996e15a2d94855424ade68d48074]]],Seguimiento
[[[1bb0912ea07547224d3227cb8302c0793bd271b5c7e99c8f18e8ba3a]]],Med. 2G cerca operador
[[[1bc84fe241812720bc19d4795f25fb31ae16e8ec77c539b916d7429c]]],Med. LTE cerca operador
[[[1befb00e0a667f8e9177a64988052b680541457c641efdfe2ce678a3]]],ActualizarDispositivo
[[[1d919c205d48aac815e69ae2a695b3127046c74bb04202f20f8c154e]]],Paso 1 de 3
[[[1dd21dd6e49180fb6b5bdf7a084bd3f25524775436bf9d91da40bc13]]],No se pudo obtener la captura de pantalla porque no hay un almacenamiento externo presente
[[[1e605863469896099da6682fc3814906ce4800e9a702be67b3ccde9f]]],La Clasificación de operadoras incluye mi operadora [[[@CARRIERHANDLE]]]
[[[1ef5305724fffd39ea4d9e5b4270fdc81aa420e4f18dbaa3aeab9cca]]],¡Gracias!
[[[1f07ceb37c4d12779b5690cfe75d68394889c44872a6f1e9f7c513a1]]],Velocidades de descarga 3G
[[[1f8fdd540159c8a3f02ca6d25064564c05337acf679594df8288146e]]],Incluir dirección de correo electrónico
[[[20d5159095c03259a8f5ecdc63438494fb26de6b2cbb59a1c8ac7e28]]],Llamada fallida
[[[230f6ec77357f078a038a4bfd962f52b74652091cdfda54128cc6b51]]],%s en [[[@CARRIERHANDLE]]] y mi aplicación #MyMobileCoverage les está enviando los datos.
[[[2314d893bcdb3ae1d855aa443645b142d3f1275ca126764fdcbde0da]]],logotipo my mobile coverage
[[[2332576aec2c364e2a2cac6b6129d1a92de9864fe20e66331ee99de1]]],Medidas
[[[24906e05cccff180cc87515ce7b9293ba2a89a9d1f15b10caad1b0bc]]],Wi-Fi med.
[[[2497d17c49956b3cf2a204e370233c06877915303a3601c34c6c6402]]],Ajuste fino GPS ON
[[[24f76bc873304e781457899b126c1893ac617a8ad51e16e48926673b]]],Tipo de evento
[[[25209732bd5876bad24a46949451e3cd9756ccd065ed7d6b4c472832]]],Voz
[[[2623084f2826eb9be05feb9abcefc14e2d4dee4ff579bd16c90213f1]]],Comenzando prueba de velocidad
[[[26e9974d3a296efbadbb45a4b2c5aff6237af3a13a7ff1d9c74aace4]]],"Ha sucedido un error inesperado obligando a
              la aplicación a detenerse. Por favor, ayúdenos a solucionar este problema enviándonos los datos del error."
,"Todo lo que tiene que hacer es clic en \'OK\'."""
[[[275d19f1aad51bfb5d41967ad28bfa509215729875e9fe9ca7f4c3e2]]],Envío (Mbps)
[[[28405281bb69ee0c2fe7fd0f1d623628bb1e43f79839632935c9e14d]]],Enviar datos en itinerancia
[[[2862be9828dd8f9cb2be3c47952580e9206529ab765d8eb5bab1b0fc]]],Descargar
[[[2893c5e3aa27d9e9f20c82e0b9921c385df9e15828fc420f45dc5c67]]],"Por favor, espere..."
[[[28b7c0e536fc1459e89cd8d5c588ddd300945c1313b4bcb33e7126b1]]],Mala señal
[[[2904d968d0a0a7cc6a2e36f0a499b6d940738406abc2cb10d5f9bf1a]]],Iniciar sesión
[[[2970ff8409476ef21251cb6dbd76906d6a53d37484bc874fd48e690b]]],El GPS está desactivado
[[[29c86f8d31b9d46fdc596b774cc9f42090112dfd2f7d1e751bc2f1a9]]],MyMobileCoverage se está ejecutando
[[[2ab5ded4066ab83a3cf7c728205d5eb11976431e0697d0c5358413eb]]],Usuario de Twitter
[[[2abd5a8731e68c784919e5b1d41662c9c04a6f0c70e1b10f734a96c3]]],Borrar registro
[[[2ae1c5bd9ba7a717c740b49a90064736c6dc99fb05e9d7fe2c8ee624]]],Cambio de red
[[[2c0614ebde650e93a75eb7b4772365b324797b8b75cf721a96016bff]]],Aprender sobre MMC
[[[2cefbb305bec275a54bdfac15ded1a4645fbce34740e91b9604059f7]]],equilibrado
[[[2cf329b554317db61b1e965727b56a4d105f57a93375553ccd2b2576]]],Evento de actualización
[[[2dcfc73c46b66d1717ced497ee4ebae9585d645ac32443ad395e2f1b]]],Centrar el mapa en el área del problema
[[[2df0f240a2fcecde7d764ff2c50c11db3e241432e0ebcd28bc69dd0d]]],en espera
[[[2e021fba825ca32fc4ee439c461e4d94c8bd47a041bff6aa4a5d0e57]]],Voz:
[[[2fcea90610fd2835671ad462205a3651544ce26a7457035e44bc0391]]],Llamadas fallidas
[[[2fd61b524bf324d7d7dce9535c800def45e16a26313baebcea0c25f3]]],SolicitarListaOperadoras
[[[302caffce189208bd7e9b38beb26c73f95909bee6b303769decea988]]],Puede que necesite hacer parpadear la pantalla periódicamente para permitir las mediciones de la red. Tiene un pequeño efecto en la batería.
[[[30490790436d2cdfdf5795dc4a46cafe0399414a357ccfd682bf18d5]]],Pruebas de velocidad de [[[@CARRIERHANDLE]]]
[[[309e29ff0e9bc131e013ecfcfc0b907f332b33da739207a501a527dd]]],ubicación desconocida: sin estadísticas disponibles
[[[311ab619052c342ab923c2de33ae7eaecc4ef1c186fcbd3f230e714e]]],"Localiza e informa de llamadas perdidas y cortes. Desactiva la exploración Wi-Fi y las pruebas de velocidad de datos, con actualizaciones en movimiento cada 6 horas."
[[[3123b25d9063275b9716efc201f7bb97878f6ff00c2f3eb3631e8b4c]]],Mapéelo
[[[31756f5e6adc0ae9f8af169335a400b81232b9e94ccf4f16b9615e15]]],Cobertura de la señal
[[[321a284ffd112865b6f312ad4e390257b36a12ec4ec3f952f656ffc4]]],Estado
[[[32cd6a75f06ad210ea891044977635686c8c4f947c3f62c034ac70bf]]],Desactivar el seguimiento
[[[32d80a30616e92fecb862e7c21e26955492132a71a97ab94e8f506b8]]],medio
[[[32eb6fdff75d4049e0ecb93c5e4712db60a4aa373d2790e4d4a5902a]]],Haga clic aquí para ayudar a solucionar el problema.
[[[332f0e9663b41dfea2240c7a277450881aae892c63c92671da13397a]]],icono my coverage
[[[337faab547cdd9e0ee4202a0cab95bfb2b38169ecb54c716bd244fe6]]],Regístrese utilizando una dirección de correo electrónico válida y una contraseña de cinco caracteres o más para confirmar
[[[34be389754ebf8cf0fc1cf5d7538d4340862fe386125fafda474fd92]]],Perdidas
[[[34e1e6a6184a2e56c7ec907762ad8b0a8a8018d87f47955823611ae4]]],Cobertura
[[[35993402db71ef5a2027c1d5f7c45eb31d87d1cc4f78ff0e451e8eb6]]],"Lo sentimos, ocurrió un error durante el registro"
[[[35a6a2222f29b50a9fd330d849054c3f3e701beaee0b11423f3dbaa9]]],"Por favor, introduzca y confirme una contraseña y luego pulse siguiente"
[[[35f836760376eb624be9f90616b380c4198505a88ddab3f8d6e9e2e1]]],Mínimo
[[[3606346815fd4d491a92649905a40da025d8cf15f095136b19f37923]]],Prueba
[[[36cf0d672c9b727ad13c72d1a9dc9fb79b90dcfefc8c88e75601b626]]],Mínimo: informes básicos con un uso muy limitado del GPS para minimizar el consumo de batería
[[[370e704fb867d3f859beb391f46584c6addcf88d141e2e02c81c3fea]]],Equilibrado: informes básicos más una limitada contribución a los mapas de cobertura (puede encender la pantalla mientras envía datos)
[[[3773278b5d5543edccd1b455763e1ba90b81d396d1aa96fc83520db2]]],Detener seguimiento
[[[37ab69aa02e945ce264eb6a16ef7c9212f5a94ad186e16adf7cbc02d]]],La contraseña de confirmación no coincide con la contraseña
[[[37e33dadec693abab956e45c0004b5d4fb933cbea320b3c3a294f275]]],Días durante los que guardar datos
[[[37f5920c22c68e6ee9fb6033e79d278b25a455bcc92147015f965bb0]]],imagen de fondo
[[[3806a417f0c6ff3203dc3fa596a303fea6841164a99643c19b0dd5d2]]],No se pudo obtener la cobertura del servidor
[[[38684af868898bca74e2498d3c36f1b36b31c0eba3eb8a88333d95ef]]],"Checar mis velocidades de datos con [[[@CARRIERHANDLE]]] usando #MyMobileCoverage. No está mal, [[[@CARRIERHANDLE]]] :)"
[[[386f16179e61c380b0ade963a0cffbfdcc6d8d5c55a11ba01338a5b0]]],indicador de estadísticas en pantalla
[[[38789b6a8981d7e9101243f58188302d5c837053318dec29231bc097]]],MyMobileCoverage está detenido.
[[[38bbbcd163abe6ee506acaa39dd90196e1638557e437749b4a15897d]]],Abrir
[[[3943b3944da1414e21330b783c906833cc6eb9827c34b2ded9e5a31f]]],Flecha derecha
[[[3951e09e648650a211caaeddc03ed904a826aa41a831f8f88fa0c9d3]]],images/logos/
[[[395a14922f7f05a5b261bfe3b8bc82bdcf209b657afe28d5f093e895]]],Comenzando
[[[398b827e89954493c1e174a5bde986c215b6f308bee0f0a0b52d60f9]]],Periscopiando
[[[39efc916d0cd9649b4f25611644f74f07dab086de33c3965c9f63b57]]],"Hubo un problema al iniciar sesión, por favor proceda como un usuario nuevo."
[[[3aef743ee8b20e90bcb7350113e8056697f19ab0a90112e6c367e6e2]]],Estadísticas
[[[3c4dd21f30828795aafee15e111ee72f857a86222e37dde8eb27bcb6]]],Correo electrónico enviado.
[[[3c976b55bf39aacd59903b02d4f5e0f4a589ee67515afd5bd2057154]]],Solo tenía una llamada fallida en [[[@CARRIERHANDLE]]] y la aplicación #MyMobileCoverage está enviando datos para solucionar el problema.
[[[3d26792bcaa2d8462093bebb8301c0586048a5db9c8df478221a0e33]]],Habilitar informes de syslog
[[[3daef8f2ef44388dff36d02fff286d94621baedd2f366aca99f4d1cb]]],No se pudo obtener la ubicación
[[[3ecc9f4166efe3ee94c9d220f4d017c9af3c1601a1908c86c1ed88fe]]],icono de punto problemático
[[[3ef5b8957fd9903f625fe3b70a1891fdb7f9eb8fa620f9dbfec06dd8]]],Permitir periscopiado de cobertura
[[[3ffcb5b44aced4b597f3d832b4818603cecc4b1ab6880e1ac2a4f1cd]]],Sí
[[[412ddf183bcd6508f684946e64321d0f848ff1de8bce133d16ffbf36]]],Mi problema está relacionado con:
[[[412f9a4a7fb56c201ba27da2a92c22144fceade32a0623c79186d6a7]]],Velocidad de descarga LTE
[[[4177990586a66a81c4f4ea8e6a872b04d501991ec8ba7f90461403dc]]],Cobertura 3G
[[[41be30e036b519f420fc4b912bbc4894fbf8d5ae424ab95c08a22f7d]]],Confirmar:
[[[42c18f457ad6297e6ed2e2b97f4f9c27cd3fcc894ec28ee2569c0e5b]]],Nivel al cargar
[[[42fd014081f7154f993b65b9e3356454a13a21b6d1e5bc565fa3c5f3]]],Comenzar seguimiento
[[[431011ad3c6cfd22169a2012019a600a1cb428dee9f08d8d7dbfe6b3]]],No se pudo obtener la velocidad del operador
[[[4633fd735efd91420fe8b50fbb0ed74ab445a9a2f595fa9358fc58e3]]],"Cheque mis estadísticas de llamadas en [[[@CARRIERHANDLE]]] usando #MyMobileCoverage. Se puede mejorar, [[[@CARRIERHANDLE]]] :)"
[[[46e293cdf04ec51f0ee85b15c1d820f6a79cdca451c0b04c0e1cc56a]]],"Cheque mis estadísticas de llamadas en [[[@CARRIERHANDLE]]] usando #MyMobileCoverage. No está mal, [[[@CARRIERHANDLE]]] :)"
[[[46fd2d6e71cba8ff2d8e39c57dbaf5797f4d85ce14df82f1e56719d3]]],Mb/s
[[[4714816401f059213a2c240b764bcea6744ef5ef46c22f518141e3e8]]],Mapas de cobertura de [[[@CARRIERHANDLE]]]
[[[4794e60ff398297bb02ba4896958d09e4150a7ce57159a640cc7f7bf]]],Todo lo que un nerd podría querer saber sobre [[[@CARRIERHANDLE]]] usando #MyMobileCoverage
[[[479744c255dc4f3235ae198ff0a7dd354f2fc8208cd3c7660b547336]]],"Maximiza su análisis de la cobertura, con más impacto en la batería.[[[\n]]]
Uso frecuente pero inteligente del GPS para obtener cobertura adicional, ubicaciones Wi-Fi y mediciones de velocidad de datos."
[[[47c45fb86172af2a814ff7be5dfeb34b0150fbf74708bd2d0593af25]]],Paso 3 de 3
[[[4808f035ea75263639181b890299d30f51470b2b77d77fac86767b16]]],Siguiente
[[[48636e43512afd798213cc002b5501ee20ea2911969e2791b790486d]]],CoverageData.aspx
[[[48bacd983cb062d7db9b9ea85e2c14d440395ca21e3eedb24e09da65]]],Máximo: presentación de información básica más contribución adicional a los mapas de cobertura (puede encender la pantalla mientras envía datos)
[[[48e88f142d954a912a8dff5b0225974c5f9419c299c2abba4ea12b31]]],Rango de fechas
[[[491ea228e08ceb5078d4bae137eae982c2f446c0b445fad8c4140d47]]],MMC se ha colgado
[[[497d5d537b59316b0afd73e1f5e41bf06c4827cc8336a0b360277b94]]],Nivel de informes
[[[4c795ea13556286cbba32d53f502211b36d4036500e18db5f1858d96]]],Llamadas perdidas
[[[4d0401a27fa226fb65d1ed493d040ff02491342e1633e07703eb504f]]],Calidad
[[[4dea3c6dbb6f71de43d40cc697abc0d29c6b6022300a66b3b473720b]]],Dados de intensidad de la señal
[[[4e594d91c8a5388906dc128c3ed3fc33f96b109f16ebc995a845dbdc]]],Error desconocido
[[[4e69f9d3b8809e484c1e08bd98f553c7833132ea2a486e62e1e8f75d]]],Detalle de evento
[[[4f17d980815b6adccb7b4aceb9be1eb6f539abcdb77690c3cda54067]]],Velocidad de descarga 3G/4G
[[[4f1d996157e54a1d87594813f21d2ad82aef571a451a95a04459d08d]]],Filtros
[[[4f29a612a4f60ee05e028249b7dbdda24a6cc63d18c0b2e8b0c5c47f]]],"Por favor, regístrese o inicie sesión con su dirección de correo electrónico válida"
[[[502cffc4b1ca2b3313571d11a95575cc18dbfe8367be9e880ca52beb]]],Interrupciones del servicio
[[[516743e4f8b0d3edb890178726cdc68a537811173e0ad8094e118939]]],Enviar:
[[[523be111c9a420df16240737cb2051c534bc4e66cc735ba9c197c7ad]]],Atrás
[[[5356b79c76ae3f08f4636ae4b22b5671d1e9083661ff2a366cb19742]]],Modo Nerd
[[[53a67a9a93c2d704f6c6e41c314c710c8b8831d2cb55fd469f1796a1]]],iniciando sesión...
[[[54238c71e2c8f0fb0b5761db853d4bb94d8d6d6d9ce190c8c819968e]]],"El registro ha fallado. Por favor, contacte con info@mymobilecoverage.com"
[[[549672a7923cb7295607956d6e402c5cc3bd3ffd89802e60bb7c1407]]],Desconocido
[[[54c4e7b4b5a3122ed9a673a0ac2b0df248bef02857032624aec47948]]],Registro
[[[55238d3e3f2aee573611ec54b7c7a8c55f27b682858fd6db48d5babc]]],Otro
[[[554da473e89362051cc23f796108465a9b01f6558e21713c42b283cb]]],"Por favor, espere"
[[[55f388e492a8a3d1640f5457f5561d4f96044a504f407e4196bb8b90]]],Med. operador
[[[568646557dc1cec7c1c86bd00bfd2abf4ecc8caca25304d9a75f8061]]],En directo
[[[5686aedeb9748575d4a4752da5e6c72b2cfb21fe78e5e6cd99d7b106]]],Med. 3G/4G cerca de operador
[[[5767bf99df30d2f7342f9875026d0c13e86fc2e98ffd9b0aaabb55c4]]],Evento registrado en
[[[5858a83cd737f6918eaf7085c30fb1d4ed13d9408da3e30c46ca0111]]],Es necesario reiniciar para que el cambio surta efecto
[[[586989404981be4d6d1e0c2704c05e43019520563311b21437dc6ac1]]],Opciones
[[[5891ad761188e1d52bfd9cdda36915add220517df7ae4a22b3f21151]]],Iniciar al arrancar
[[[58fcea442785b7f2c4cff08c1dadc5ec037187db2813ad07bcdc660c]]],Máximo
[[[59ecc6c8f00ff0a1e72d30badafd8c5acd03927b67730934c0523e31]]],Prueba de velocidad de [[[@CARRIERHANDLE]]]
[[[5b97a6fb730c7a350066d33df707c1d0ca857aea5267c47efca7f140]]],Error de conexión
[[[5bcb23e8694ca54d20c93ed3f1db39f81cc555246e51331e25bca3fb]]],Estado de ubicación
[[[5c6ad0ae07308dd5253ff71e1b04cbbb87dd1622e147f4a171fb3e52]]],Su celular
[[[5c75790dc7edaf21e55b2b13760a2f3f24e07b22b3f977b9070330ab]]],Informar de cuelgues está habilitado
[[[5cb1f827b2d20be194458ebdc5729b8d67005cf336281f041d19ddc2]]],Tweet
[[[5cbf5b608ad016b9557bbf49774a3538f20f0315435a5b6eb4106411]]],Total de llamadas
[[[5dbbe0d0d08216fa7a7a453d5f60dac6ade5eb057f09ec071249abd4]]],Cortes
[[[5ddad177059ad51a7ea0e738949b8cb1cec5bc6c4a44fc5765d51330]]],¡Arg! No pude conectar mis datos de [[[@CARRIERHANDLE]]]. ¡La aplicación #MyMobileCoverage está en ello!
[[[5ddb2418e1835c0f05d25825858dc51ed0f60317ff281eeec0eb7c24]]],Introduzca un nombre de usuario o dirección de correo electrónico
[[[5e3a07f18e38e18503b8bb6e05666855ed2d438809693bdf473c91de]]],Su contraseña le fue enviada a su correo. Puede utilizar esta contraseña y su dirección de correo electrónico para acceder a[[[\n]]]www.mymobilecoverage.com[[[\n]]]desde su navegador de PC
[[[5e869fe30146704330c6e3cab3018aeaf2df107f760debb41ad872d4]]],Los informes de registro del sistema están activados
[[[5f0f78badc7c7d883f6830a672b518571284ebd8240a8245289dd397]]],Kb/s
[[[5f4c0265ae687bb9acf17235514c89e027d524b3382dc6f68c59f6f9]]],Cerrar
[[[5fada65104ecc35ab6cef0c96301b306e4ce14016251deb9f132dd5c]]],Guardar
[[[5fd74537b14c7c6fb5a957e3ce59d7cd37308680bdf2cb629039610e]]],Celular:
[[[6008012d0a5fed206db68f854fa4ff0c9d13cd2189dfbdea1d79bd9c]]],Tratando de obtener ubicación
[[[607d391952afca0feeba5484e3458e4ec620480c5784506ebc24c7dd]]],mínimo
[[[61139d000edba29949d317846bdbda26f2fb3dbbc42ebe422b6e9a40]]],Elegir perfil
[[[61e51550cc8115368e7d5036323c7fc204b6ad79972f6fb0fe8ca133]]],¿Se obtiene aún más información sobre el rendimiento de la red en el modo Nerd?
[[[6273b65a8254a376ce61eb45045bc9757601d61d9e0100f839373f68]]],Historial
[[[628d5029f6a81d97bd0f470b9062341082f94087661c84614428573a]]],Contraseña:
[[[63e2b4c03daa3428c10fa1c8bbc3b7837af32fddb982205a5bc143f3]]],%s en [[[@CARRIERHANDLE]]]
[[[6437b2dbc8f3531e27accffd1e6a62578a7bcdaff15a52f8b88c6d46]]],Estado de la red
[[[64939bd713b407eeaf1952622db5cbe381d30581fc71e57cc6847356]]],Mapa
[[[652437238d669d9a8a215f224178a0d8b13fb0bda9bfa0b1d0d29413]]],Arreglar GPS
[[[65a3c12c83c431997420b02a2975443b220da84c378ce1e22967158e]]],4G perdido
[[[65ac1a06a32b16f244619953792c924ccf7fe633b2aa6d1f4345b80e]]],aguja del medidor de velocidad
[[[6642bf80fa71399eff1f4284e9c43b29db9261a860e7b5aa9c437046]]],Fecha y hora
[[[6790c73d0524c6b6b7d61986864e3ddfa254694b1214fcf6d7c1d129]]],Informes de cuelgues
[[[681d4f8f4d8d92b3587dfbc04ba490e85ac173cfce18eab14ae3e7b7]]],mejor (kbps)
[[[6900fd45a00c59669a51db27679a9d742db6ad493a7a30642ffa9fc9]]],Intensidad de la señal
[[[6991016a8348206e3379bc0de0a0114ee33501da676a131f24db430c]]],"Error inesperado, por favor envíe un informe"
[[[69aea4fd4c2b708cfcf61674ad916cc744812584d017b1c7a79b575b]]],Comenzado
[[[6a708a469d3c47b6cca4a3271de709766e241e7c1ccc290214abf7ac]]],nivel de información sobre la cobertura cuando está conectado al cargador
[[[6b1ec2b39d7b92e4730fbd0b35cca7a6a96145f5e8dfd2b2091375a3]]],Llamada fallida
[[[6b273c6fb3655f564845e503fe58cc4deebc5cf6bd04c82cafe1251c]]],Descarga (Mbps)
[[[6b4cb8196f47631b79627abc29059ae359528be662806d2b337bb9aa]]],Pérdida LTE
[[[6b6009000209a29799eec3ff8a400b27e28b2afdac459f473a421f0b]]],Mejor % de cobertura de voz
[[[6c1f69c6422000731dd7edd94f35de654f4ce22895c010c68eae0bb0]]],Términos y Condiciones
[[[6c212b55f4c71c630368474cbf03749453f41529aeb40f42d7e19388]]],"Para probar la velocidad de su operador, por favor apague el Wi-Fi"
[[[6c34ab86c37241eb469964d5e53ca2689647e37bc1aadfebb9143845]]],"Cheque mi velocidad de datos con [[[@CARRIERHANDLE]]]. #MyMobileCoverage acaba de cronometrarla. Bastante rápido, [[[@CARRIERHANDLE]]] :)"
[[[6cf0d28aa2d6db869c6533d1d9cc7010901b7f58fd01c0df927904d6]]],Datos de ayuda al GPS borrados
[[[6d8f3c6a7d5b1e012bd9c7203f357a925fce9ad3b20ea70cfba8aa50]]],Velocidad de descarga ​​(bps)
[[[6e312c28d240c0381e162fde93214300552f978add2268d371a6701a]]],Media 3G
[[[6e3c6e48cf694b8c39717c6ba2acc1720ef49b759a06ad37b5c748cf]]],Número de puntuación:
[[[70134c7e7bf4886bb7c9917151c2cce64f35f8e623e32b112e9d6eb6]]],Ubicación adquirida
[[[70a61658232f4e59251c710a6722605fb44aea56dc9bcba90144b20f]]],Permitir a mi operador ver los eventos de mi celular
[[[71263ad9f9782e07478ed00ad0815b0535dbcddf2c1f3ba9f1443e98]]],Mapas
[[[7150a52cbf1607f1d9bfae88fe16c5197e82b4d1a694c2d9b7f1ba14]]],Cerrar sesión de MyMobileCoverage
[[[71c06ea5a6d7c01f88ab1ce498588da6853b65f7b03250c3930ca0e3]]],"(opcional) Al proporcionar su nombre de usuario de Twitter, ¡permite a su operador ver sus Tweet de problemas y arreglarlos!"
[[[71c293ee32c66eff03414d4dcde1f0edad210c4e4797af59fbf6fa70]]],Motivo:
[[[71cb69a7258aad593830f02ee7f6a9d10e7c61e3dc41dc2ed68a86a0]]],Promedio
[[[72adb9e27b771688b18bd77563139335520e9bc91f4b9a5d35a71748]]],El mapa mostrará eventos de cortes y llamadas perdidas cuando adquiera la ubicación GPS
[[[73bce6ae8d1a3502fc03b991110321399d9ed7d35a589afdac0a84b9]]],Ver detalles
[[[73d5cff0735297a47e45f442b4fd53f8e209c54f40d98f2870103722]]],fallido(#)
[[[757cffef9ad37b7803af5803a946c54420679174bcfa977dc6a69d1e]]],MyMobileCoverage respeta la privacidad y solo compartirá sus datos de cobertura con su operador inalámbrico. Los datos personales no se compartirán con terceros.
[[[76ecb06c417beac0fa5df1d598d6a7a583e970160e53bf1d0caf23d6]]],El número de días previos de los que mostrar eventos
[[[7767a99698555bca46d15342e8f7db990c3802b027ba202037260b63]]],"MyMobileCoverage enviará todos los datos recogidos en el dispositivo de las últimas 24 horas a la dirección de correo electrónico de registro con: [[[\r]]][[[\n]]][[[\r]]][[[\n]]] %s[[[\r]]][[[\n]]][[[\r]]][[[\n]]] para más datos en bruto, entre a www.mymobilecoverage.com desde su navegador de PC."
[[[78e537c5e32919ebc854e08c0ade86e2fa5c162c1b25d5f59fa0d939]]],Modo de análisis pasivo
[[[794f21c4dda81c49648dba87d1fc533dcdd143c668c3f84d7dedcb6c]]],Centrar mapa en la ubicación actual
[[[795b59fbd904dedaee85304572f99aff0b63e889a199cdc96d44e9f0]]],Velocidad[[[&#160
[[[795f59fa6106f0113acba33e4ddbc9dd9f23567702420184e8b66cb9]]],Hubo un error en una llamada con [[[@CARRIERHANDLE]]] y mi aplicación #MyMobileCoverage les está enviando datos para solucionar el problema.
[[[79a7de49bb0dfba5ec86964e95358ba539a04d6f928107c592699fe5]]],Obtener
[[[79f915f723690be75531b731ac86894035ea6aa26713420f47413f2b]]],Test de velocidad
[[[7ad0a9efd6fdecc40b0c558efa76ba6031b9e54f646171b4016466f8]]],Ajusta el nivel de información de cobertura para la gestión inteligente de la batería al tiempo que contribuye al mapa de cobertura
[[[7b17ff17dcc0a7c7c480acba0481dbeef8318f66d0cb1ead6d2e7072]]],Rellenar
[[[7b8541eac4382ddc0186f350c90536664f4cf3cc74a4a27d0b8d39b9]]],Desconectar
[[[7bd439fef2a052a7e5da318f410b61d49ce5edcc387b691793af0ed2]]],Llamadas
[[[7e3eefa854ba95b3bf62ea0da8994ed4dc28a59531bb1f10f39bf2e8]]],Cheque mis estadísticas de llamadas en [[[@CARRIERHANDLE]]] usando #MyMobileCoverage.
[[[7f027d6273e01777d277850f57be400377fa8f174ca1411346fbb310]]],Apagar MyMobileCoverage
[[[7faea352b0f340606a83fd88ebf90e7c1048f803273b9b2887dda1df]]],"No se puede conectar a la red, compruebe por favor su conexión de datos o pruebe con Wi-Fi"
[[[7fca6ab6580efd5774b2be77dc8b537e1fad847f08e0c19a65d09868]]],General
[[[80824295f2a6db2100589a5a4441faeffaa214c8893f45d511a6a0ef]]],Pfft
[[[80b4d093d606920df3d2a8cf90a4715459a301ced6ede00b2926175b]]],Cerca
[[[820b3c6248ef064f88ee4f5ab818538ab5ec979597feb2de47e21dc6]]],LAC:
[[[821c98f22e613aa81404cd97b78ade3249902ad0d9826be659cfd887]]],Puntuación:
[[[82838bf0cbb3d388eb99221496cb36d128d75b116eb29583aad062aa]]],MisEstadísticas
[[[82a897dc7e66c2ccfe36a72c838ff3de88391059b4d62490ad807d0d]]],¿Que contribuye a un mapa de cobertura mundial que puede consultar con mayor detalle en mymobilecoverage.com?
[[[82f2346040d2e51d9cb93b2a1a9826a6c366ea6b3ff86eb9e3c6362d]]],Comience ahora
[[[8599cda7a9bcd25d21c5929985a09a85884eae23683ba27497708a10]]],Llamada perdida
[[[868782a832e5986826c5896466f2fc4436dd48b1534839782e3b5e5a]]],kbps
[[[87859404388dd19a1b87743040c8ab5c39336154ca6bc71941d0baec]]],Evento
[[[87e08194ea0a149f8fd5cafeaba2380d1bef6c22edb8897a67305cea]]],Ubicación desconocida
[[[885b6aedfcbd838d03d384dac297139ea0a23b8d1c3103f4ae2cea2c]]],Máx durante carga
[[[88edc1a424e9e8088c24e5b035ea1eabb29d81a8c8f8a4573ee856f3]]],La contraseña no puede estar vacía
[[[896f3b78db66bc20ac44398bc567351d6ce7a6ebbb506ec39f12fa24]]],Permitir envío de fondos en itinerancia
[[[8a4caa9d77a6654ac7e9ac80460e4113e5fc486189994eeaf5f2f522]]],¿Seguro que desea cerrar MyMobileCoverage? [[[\r]]][[[\n]]][[[\r]]][[[\n]]] %s[[[\r]]][[[\n]]][[[\r]]][[[\n]]]Esto detendrá completamente el servicio en segundo plano hasta que arranque MyMobileCoverage de nuevo.
[[[8aef2e192ef99a086b18eb1c5a5e36f0e6c3b05c720b3c9b2ff945ec]]],Descargando paquete %s desde el servidor
[[[8c834fec3e545253cbe8e821105dc308dc8849f3285c31b1073afa00]]],UsuarioRegistrado
[[[8cc90ac1bdbbdf25e4cf9e816e656e098907415ec7693f8f5b85d763]]],Información de ID de dispositivo desactivada
[[[8d3030db862e62f1b847e5e0b0cd27c3581f3fc0668f9afa22153984]]],Obteniendo ubicación
[[[8d926ecf85b3256339768e8490e74d3c90a2c27327d669a496ef05be]]],Latitud:
[[[8eb5b8f9e195bb071efc636b12c52fe571e6fa19da846c57bf702022]]],MyMobileCoverage respeta su privacidad y compartirá sus datos de cobertura sólo con su proveedor de servicio. Sus datos personales no se compartirán con terceros.
[[[8ee3339b07bb04763a5fc363cc6a6f064125600a94496f2ddf51020d]]],Gracias
[[[8fcb698ef39f1b7f6de37e884987c9f52f868c6be43b08bf97a148ae]]],Cortes de datos
[[[8fcb970936e5ee9c2dd290e7631680800e99d93b3caaf897f1fa6e70]]],"Por favor, inicie sesión en MyMobileCoverage"
[[[9045fffcbda1e664f47eb7c8c801f8c22d54e3efc3bb5c17c0ce9950]]],Periscopio
[[[91c4cb47f7e8e849ce3ca1c13997a3d5665a98ed597a9ef2bdb9a4b8]]],Señal (actualmente LTE rsrp)
[[[923e4aab2e744bd078750f5bb2a0b1d8adde3b9bd6181ad509c30edf]]],Celular:
[[[9246bb40f5375763e9373aae27e9bbbcb61266e510a396c496bd319b]]],Sin datos
[[[9308512526073832d33ae2aa11c672154f36f7f54e4006a8ee83ddeb]]],MNC:
[[[936822d01e27239caecd2d461315dc26392706ae8ba41e7a08806abf]]],Comparar
[[[93758524c7c602e33a37e94dea5bf2b884775c837c0ad1047e0d3eef]]],AñadirLlamada
[[[93b4bc44445d5c901000cb1b9609f04ca91a9b018c8f191f647bbac5]]],Nivel de uso
[[[9440fcfbe673d1917e876263c1dc3ad7c2d1e8bf8c1a95d4aeb40ea7]]],Pérdida de 3G
[[[94f8aae8302b7a8d3c71a8e6cb93277e2b2f845d2c0453937ace79c7]]],Agh
[[[9686a5cc6b26d3e953543000be781a2145a33707c358d9c9e424b0ed]]],Puede cambiar la dirección de correo electrónico que utiliza para iniciar sesión en el sitio web de mymobilecoverage.com para ver el mapa
[[[96f492e5672f2ea4e8e01f49a91bcc9f09cb6906bcc702c9a5117e68]]],Servicio perdido
[[[9919148a474f33b2e6ed8f65d5131a150bd979315d553c75f1fbd948]]],Historial de pruebas de velocidad
[[[9925b4293c3f17e276e335e6e470eadb1851f9a224399ad4d935ccf3]]],Longitud:
[[[9abfee23e212733cc196590761ff38039b7d78bb2f8b5f879d045229]]],Señal RSSI
[[[9bdde1566da46229d3ea96645772f767d5d11abbb9d11c47ec79e7ca]]],Todavía no tiene estadísticas para mostrar
[[[9d0768c712bf2c1063185db4a009ae1117bc8e7f9eb1827a6b70592d]]],Editar detalles del perfil
[[[9d68fd7d2b9e208edb77ede71fe6c547b34f40f0b4b28741f68c0614]]],Detalles
[[[9d7057c7e71803fd1bf0daa09ee57db7823e76d18e8bde7f7d387719]]],"Conozca más acerca de nuestra [[[&lt;]]]a href=""http://www.mymobilecoverage.com/docs/privacypolicy.htm""[[[&gt;]]] política de privacidad [[[&lt;]]]""/a[[[&gt;]]] o [[[&lt;]]]a href=""http://www.mymobilecoverage.com/docs/tos.htm""[[[&gt;]]] términos de uso [[[&lt;]]]/a[[[&gt;]]]"
[[[9e169ace22aa020530fd57dca0f0600a612757dee78c1955847b2cab]]],Reportar error
[[[9eb1dc8a4ec48945c9a8777c9eb871e04fc06d7afe86ac12a96afb22]]],Benchmark de estadísticas de llamada
[[[a064c3135ab14cc564ea5f0772324a89654d2fd7e09bcbb9446cab8b]]],@string/Settings_Balanced
[[[a132204022e1bcee74d1a18cf5750cefda2fdfc0f7658304934b66e2]]],Este nombre de usuario ya existe.
[[[a25166d43145cb76a6d298502f56716ccd993b6c0b4366d12af35333]]],Ubicación desconocida
[[[a340a56fe82e770131a0ebe31a5ee9b42405ee271e9b925eede5be32]]],AjustesUsuario
[[[a4beb23ec8fe8e07acf2c1e52b29d39eef24a50dee48d9ddeb0ca4bc]]],Actualizar
[[[a554bfe4c4d30a8c439d4a3d5431a8711b47ada1eb658d288033bf6f]]],síganos en twitter [[[@mycoverageapp]]]
[[[a5a5703f66498646901f328a3ba92b3b8c50c1883bba488fb947225d]]],"Localiza e informa de todos los eventos y cortes e incluye datos de prueba de velocidad de muy precisos y actualizaciones en movimiento cada 10 minutos, y actualizaciones generales cada 3 horas."
[[[a5be12bc6841d744b9b97d816d5ebdf0d7ff9dce40104bea2f108b2b]]],Pérdida 2G
[[[a62a9c5a912eeb948df09b40807b8cf33a2fab7482dfb6d3ff6f9c4f]]],Enviar estadísticas de uso
[[[a644b39341629b5207946245b5c6508c6198477034a794ebc8a4b804]]],indicador de velocidad
[[[a6c8ccb0e2209306f96c22df7b02e0f78711782e96661840cd42d5a9]]],Velocidad de descarga 2G
[[[a73e6b41a0f757335cfbc48a4e707adbaf63c584fbbf6009f31aedb1]]],¿Seguro que desea cerrar la sesión de MyMobileCoverage? [[[\r]]][[[\n]]][[[\r]]][[[\n]]] %s[[[\r]]][[[\n]]][[[\r]]][[[\n]]]Esto detendrá completamente el servicio en segundo plano hasta que inicie sesión en MyMobileCoverage otra vez.
[[[a77c1fdd2cdf526753123b40302e00b74f2762d75a2345187ee7b43d]]],Conectar
[[[a786e7d7e1d004dcd9c09306a802c2cd801debac434a919679e8882f]]],MCC:
[[[a7c607ea29f6a0fe4241fd00268df8e458ad3eee42c18bc5437b53f3]]],Llamadas perdidas/fallidas
[[[a829e1c7f45d378e62f92426c3b11f742b02f74a4db78b3d05fd8980]]],Finalizado
[[[a89f477ce7701f45f90a1c18d952af491dc0b98488be31368209aab3]]],Enviar registro
[[[a8d0cb51798d9fdeaaadd5b438979de9122d1348261f7857153f5764]]],Historial de eventos
[[[a911ec58813ad1bf26e0af35f2ac675b925b37393403cacb998e45aa]]],icono de prueba de velocidad
[[[a93417af0449e76cd2b0e210682231082da98b1837c2bf5e6d5ab608]]],No es un correo electrónico válido
[[[a9daa95994b0a0501d332f9f82ac1c8fa3f2d9bb04e73e11b27f5ff3]]],icono de evento 
[[[aa4df5a9d38788dda1e033996ff1495a4cac33ae40f62317525a1225]]],Equilibrado
[[[aa6470edddfcb0ad19df8ab3edfb91c5923d4d2493d7639cab722379]]],nivel de información de cobertura cuando no está cargando la batería
[[[aa78bfd605e6fa72868d1b93207f857d900ae28ba7fdab282d47982b]]],Debe iniciarse para completar esta acción. [[[\n]]]¿Arrancar MyMobileCoverage ahora?
[[[aae9d57ad5f56b843073e7798ad984af37392ec6aa318e67fdde444e]]],Prueba de velocidad Wi-Fi
[[[ab2be31bec9e9744155f28d335a40d4dfa828e865e3e565a6a8c0eb9]]],"Por favor, proporcione su nombre de usuario de Twitter"
[[[ab66c561273963ad905173326af5cd781e0edd3c8294b38ba80be14e]]],Descarga:
[[[abb1d022eca056ac93c063fa3041f6baafd8d7de4f369972c1e3984c]]],alta (pantalla parpadeante)
[[[abb756a2d83ffbe6c6f2fc40236b9cd2da14e415c3b85e2262bc7e4e]]],Registrando
[[[ac1cb2590bdeb942de4106f0d94d460b8e751773391d97c161db3813]]],Señal:
[[[ae156d4c20360efe30e2fb6a980b5a2bc6844964260b29012d12b44e]]],Problema de cobertura en [[[@CARRIERHANDLE]]]. #MyMobileCoverage está enviando el problema a [[[@CARRIERHANDLE]]]
[[[ae7db0b5d2150804bf571031abc32024fee587ebf5a9a5db68f0a511]]],SolicitarEstadísticasOperador
[[[af0ea894a6fa1ef6e1fb24dfc37ce19a9df8211c873e3d45cd0df4d0]]],Cobertura:
[[[af7d760fda506e9b7d11fdf175b216f4deabe1b2357367337171d668]]],icono de mis estadísticas
[[[b29a0413e019ec581eaf35bec521f3a519c5252c356fa9debbd3e9b9]]],Cobertura de voz
[[[b38a383bfa231be34cc447610be13221b6211755b5305b2cdeb6cd17]]],Editar perfil
[[[b38a47f708f1f7d5c351907cdc0b4ca23390e13a7089c00037022bc1]]],"Si proporciona su dirección de correo electrónico, le podremos enviarle sus contraseñas perdidas, los datos en bruto, y otro tipo de comentarios. También puede proporcionar su dirección de correo electrónico en la configuración."
[[[b4e8a29838ae1162bde0b03ce16b75d4739d6bfeeac544c56a20ac10]]],Cancelar
[[[b560db8cadac6c2b84dd58a8f779bfb30fc76199f2ba7b23e53459ab]]],Habilitar informes de cuelgues
[[[b6792e40b1ba299f4a3fab77da1358e8569533caa39ae0952194b4d5]]],Celular
[[[b6803931247291687b7ab01adbfb8e5793fcd37abc0e6cc44348a249]]],¿Sabía que...?
[[[b6d4aeaf03042765ecf44ac9edb36d5398f22634eca892e1aa63ec46]]],No preguntar de nuevo
[[[b6d7049599e3e7588b4ad2b7300704513ba45a9b8cd59c204981cfc3]]],Compartir con operador
[[[b79c2156827dc79bbe25ccc9cef1be5da61397cebaa132b1329ec779]]],No
[[[b852c1cf302e186b38c9d755a4c857f8c585bdf680eab6996dccf06d]]],dirección
[[[b9dde9e39be371ce9681402dfe7ee60c6260086f5ba10e1ff07b5d17]]],Permitir a MyMobileCoverage recopilar estadísticas anónimas de uso sobre esta aplicación.
[[[ba591ba6b22ccdb1017d17621ff11a87944d3d01a5a6196caf228a49]]],¿Que puede elegir cuánto compartir?
[[[bb09d613b1debf1cf84ae1e0a75b648170d57103e0b8d9363b07e4ed]]],Todos
[[[bb88de31b638617807ff72a8cae20bd989077f31c00e1b821c72f30f]]],Todos los operadores
[[[bbd53699a85eda39468a6b5b73da4f9b39dbe4783422a3a46017aef0]]],tecnología de red
[[[be6dd35579a81e351cb632fd5c81f5f4339c761a82e7f2e578da0b6c]]],guías
[[[be958aeb645558e92fd7f5bd7147475f593d46b086eb8c1123ee848c]]],Ayuda
[[[beae43be96e90f33c6504142e259b78939f698f184b45e0357f06f58]]],no pudo conectarse
[[[bec4ea141a6b3610e2c45d4275a8758db9855ebc62b36bb8ac49cbf8]]],Velocidad de descarga
[[[bf3ac62d7ba5ac0b1c46bd9ac2f16cdbb2b998be884009b3eb9754e9]]],Aceptar los términos y condiciones
[[[c0ceca14c0ec281933379ae8f7933149004f5a4a1c7c9be157df33c6]]],Cuenta de usuario
[[[c1704cd4b178b8251e859ee709861eb3d11015456a80af7beb40f53f]]],Despertar para monitorizar en suspensión
[[[c1820d87954eadcdfae4c4a9a054bd0f233bfd427dffe4a612f7f56d]]],Nivel de actividad necesario mientras está en suspensión para periscopiar la cobertura de forma efectiva
[[[c2de0bc945eff57c47181f7023a184869a265a89bc24ba9693afe55e]]],¿Que puede compartir sus experiencias con la cobertura con su operador o amigos?
[[[c2f5bdb216fd03541afa3f655938d9c04cfac4a87f7c1b90fecb112b]]],@string/Settings_Maximum
[[[c4b0bced85ca787cb9aeac89d7f8c5bbac6541c002722e5249053cac]]],Paso 2 de 3
[[[c4b158980cb127ec4b61c7409fd02fabe867d223c95b7884ecf64f78]]],Correo electrónico
[[[c5580a1d063711cd7a665566718d5bc4b8b41992e02c0b31611cf22a]]],Puede agregar sus comentarios sobre el problema a continuación:
[[[c57d224981edc8121c81d3b1c11f11ecc74c5bbb8f65647ae92ad400]]],Velocidad
[[[c698a80d1407917bc86c180a79583b0bafad6a3638bfb6543d4cbba2]]],ActualizarUsuarioPorAPI
[[[c76534afb1189d7774c5af0663783213dedd10620346c1c7f115ba98]]],Enviar datos solo en Wi-Fi
[[[c872668d8dde00cc32e1f2104d813d10495e1f075f54d0a20831e691]]],Ayuda de Wi-Fi 
[[[c9cc626fb846b1a781b6dfe8979ac79deef19541702612b95f3a016d]]],Correo electrónico:
[[[c9e79d08d4738e9025c5d4708134ac5becb2f950f114405bb2858f5a]]],Velocidades de descarga
[[[ca3489cfd9a1a08c965f0c3c593a029b66494c6266c918f06b1cf7a3]]],2G recuperado
[[[cb227425315b471bb6800f481882f48ca789c2e1e2bb08df1f935a23]]],Acabo de perder una llamada con [[[@CARRIERHANDLE]]] y la aplicación #MyMobileCoverage está enviando los datos para solucionar el problema.
[[[cc3b6c9e650fb8ef6a9b71355d2734fe15c3ec53bc38f3cffaac3993]]],VelocidadEnvío
[[[cc4000e80af9df29fe13de5dfb6d241ddaf2fc754045f3ac89844106]]],Esperando ubicación
[[[cd19e554498e243f09cac8366314d9b809fa25401336197b90232eb7]]],Cambiar
[[[cfa67908fe58965a3eeeb0db041ec5fb04cbd6b2062559430450dee9]]],La confirmación de contraseña no puede estar vacía
[[[d019220762727a0febcb4858bcbdd6169f2b3deb19a22a2436dd5440]]],Cargando paquete %s en el servidor
[[[d2124ee476c482466ff8db0051aa15b8ce5b86127428a2844e666009]]],Ant
[[[d21dc7393e7a8cea4c53f8c14c925e259bd2394860ec152aed4c29f7]]],Velocidad de envío:
[[[d2bd35489be6c3d77abf338f2a0352b30ddca5b720984e0ef3e70afa]]],4G:
[[[d2c04a1b560e1e9b95084b341f62fbf11e6aacafd54e58baf5f6757e]]],He perdido una llamada con [[[@CARRIERHANDLE]]] y la aplicación #MyMobileCoverage está enviando los datos para solucionar el problema.
[[[d375e87feefe739b9b510b2dbd0bfbfd954cffa9fd16a9d0cac7c5dc]]],LTE recuperado 
[[[d3f4e686e2451fe9cb778153b547576306baaf39ab90c763d0e110d9]]],Puntuación
[[[d589826e56c470bb4a7bc8cfd82a3e40e181db4aed82952788b0e788]]],wsMMC/MMCService.asmx/
[[[d719f23796faa6ba29e8aa9842f4b2f705c10581cfdc65fa5264ddbf]]],Menor % de llamadas perdidas
[[[d81580ca6211140c286501141878829abb5e26849504cfd16fe63c5a]]],Eventos
[[[d836de4ae6059d693717a45e186c2529468695c5afd4418ae90f8df8]]],GPS Activado [[[\n]]]buscando...
[[[d8eab011c33528182005192969b0606cca43ff72f686fce014e3574d]]],Recopilando estadísticas...
[[[d9c38233601cd475ab7e399ab0b569d01c4529e4ff31cc9660224a51]]],Ver en el mapa
[[[d9d757174efb25b19d456979f5749cd29087f86dbc17cac4b04fc5b7]]],Estado en directo
[[[dad9551084dcbbede553d654751879e87284475584dd3f7735a2431d]]],Prueba de velocidad fallida
[[[dbc12241db03f75aae92912a87de5b38617199cd3ab6181e20adf6e7]]],Estadísticas de llamada de [[[@CARRIERHANDLE]]]
[[[dc9cb61cc71d2aa268f3ee61e017e12292ea19a3cbd56754aa879a9a]]],brillo de la aguja del medidor de velocidad
[[[dcf6c0b172b83f6086516a1fe01e89d3609908e062e43a64a259e18c]]],El GPS debería estar habilitado para obtener los mejores resultados. ¿Quiere activarlo?
[[[dcf6c5b10587824ba685f6cbc9cacba86977105d86a0220ae405d789]]],Política de privacidad
[[[dda9dc10c8cab8fac73e456956730f76ec8127f2674b07870093809c]]],"Cheque mi velocidad de datos con [[[@CARRIERHANDLE]]]. #MyMobileCoverage acaba de cronometrarla. Apresúrese, [[[@CARRIERHANDLE]]] :)"
[[[ddb75a869b3611bd16767d8a6f429e7b92466007fa59271493eed08a]]],Latencia
[[[de6e3c7f4b057245714e586e4af32f3880b0762878ad6fa5d9be4c44]]],Datos de tendencia de señal no disponibles
[[[de88e73266f97c7ef031e4e812aeeb1140d2b3ab85a75ee705a4cc1c]]],Llamada perdida con [[[@CARRIERHANDLE]]]
[[[df0a0f029eca1abb4e3d9770400fc75f552f316af450d7e2860573c1]]],med (kbps)
[[[df2a85d25876fe24fdc245abc9060f5b3b446bec516853928fc25b1e]]],"Falló el inicio de sesión. Por favor, introduzca una dirección de correo electrónico y una contraseña válidas"
[[[e02dbcdd10e652af6853bfc2461f6f69d97ad9f3c3dff73c4bcc2a16]]],CoverageImg.aspx
[[[e040f5b72bb356097061ae36284a0fc358271e028e623502fd2f1fa4]]],Las pruebas de velocidad no se pueden realizar a través de Wi-Fi. Desactive el Wi-Fi y vuelva a intentarlo.
[[[e08ac7a7a53f2399929bc71c2b5b9a0013f24a00448d0152f7d6af3a]]],Compartir
[[[e0b26e44b28f61fcebc3a46bd16c84ebe9a64264d489d65921c14c76]]],Corrección [[[\n]]]parcial de GPS
[[[e20fdc4604b048d5496f52c20aaaf1d9d890317f7771a888aa475a57]]],"Para utilizar MyMobileCoverage, debe aceptar los términos y condiciones"
[[[e3c2b16102594f4782ba0d78859e60c3d07b8539fdea092a53099131]]],Ubicando
[[[e435571639fe48938961a662f87e87f3b452fa697ac46c647bb9e8f9]]],Sin servicio
[[[e4ea41d2606cfd5d511571fb6edbacbd8a20ed53aeb780ee946606dc]]],¡Ha ocurrido un error inesperado!
[[[e55adbb1faa64b173b628b635ce082a472218d310ade67825deee621]]],Ubicación
[[[e592a37b6fc06cd9afac9caf9f54c0cf631f62e3cdd01c7640a9d743]]],Agregar un comentario (opcional):
[[[e64fdb25c796583888035f11a32eda37b9003d4dd3d31199fb4e6690]]],Analizando
[[[e6b3fc03e84c8ef535e5ef39c902907cf25180241ee79c8e7d8c03a0]]],"Al proporcionar su nombre de usuario de Twitter, ¡permite a su portador ver sus Tweet de problemas y arreglarlos![[[\r]]][[[\n]]]Haga clic en Configuración para establecerlo."
[[[e71fad5f33f0b603a04a334a7a28d188038ae54b4143228d8544f350]]],Velocidades de descarga
[[[e736f9e23da62b2ef01ee86868e2870455f2e8bc78c69760af3f24d6]]],Apagar
[[[e742f446ede7b0c2b0d9e0bda403956fd79c6616c196e248c543b965]]],icono del nivel de impacto
[[[e74f18f6e7899273581154f316e10f6042cd0d9782648d446034f4cf]]],Informar del ID de dispositivo está habilitado
[[[e7c7046ce265c55dde544501cafcd486c2b3f291149a5fd35f111e60]]],Nombre del usuario:
[[[e81828eb8654088ec7e1c6004c657bb37f3263d146d27fe03d0b18d4]]],Enviar
[[[e822f79f5a84eed2b5459ec632ec40a94381f8d7264da113c0fde92e]]],Llamada perdida
[[[e833443bc9b378dc6b5c6460e03dc0ba835eec7a8b0eecd97ab2b11b]]],Monitorizar calidad de las llamadas
[[[e9d6742b87ce4ec96eb9356bf20e03f180945d56a229adcd1b7f1369]]],"No se pudo conectar con el servidor, por favor inténtelo más tarde"
[[[ea92d9acb33093e9dcf524a49a13234cac6c5612597b41a7307c9d4e]]],Flecha izquierda
[[[eafec83a42740fdf7409577f7eb4044a04d4f8793f5960b66d9d977e]]],Corrección vulgar de GPS ON
[[[eb452917ab1184550b6bab7241484f29ff3fd5fafced7bdc7efdf33c]]],máximo
[[[ebd447a7bf30852987dd84547b5879e91a538002a44564c1a886f013]]],Med. cerca de operador
[[[ec36c4f934c032240d3206cde37a4a702c2d8597b916831e764739bf]]],bajo
[[[ed1fe540efc6359a9b6685dbafcf1d0cfa6403533905094d7517993c]]],no ha realizado ningún test de velocidad
[[[ee695fa0d22e7a65391e4527ae8619e6bfffd9bc73023b5a3aa8f188]]],Error del servidor
[[[ef5556cee6b3e51e8b5f8ee4e2a41982e0e792e01e9fcc1429c06c41]]],Llamadas normales
[[[ef5e7e8bf8f8977bf467174e7bc44ea4d0b0bb2b1bd8a225a1731898]]],Velocidad de descarga de Wi-Fi
[[[f0bb282ef7cd8467a575d2809221885737c2f1567f92a59ab0f7be01]]],"Por favor, introduzca su dirección de correo electrónico para los informes de fallos, de modo que los desarrolladores puedan contactar con usted."
[[[f0dd719c0391b3024739b73932c09305bdffec48c1359f8f01110344]]],Enviar datos en bruto por correo electrónico
[[[f1149631a681ac7f711c6332f8c6183293b056099934515ecd271b11]]],Su dispositivo
[[[f2033a8164c9afeb4613b7848eafd21f191079be208a8e9b9de64b04]]],Comenzar prueba
[[[f21620d0e4c34548903f51daaaca55b774d71eee344ed7d8d6d39c52]]],% del total
[[[f217d43a8e0691733607cb65880602959cc6347ea3c7eb1502813156]]],Error
[[[f238e6111008e19e014c4b55d06b379d9ddbb564dd1d742924e7f7e9]]],Registrado en
[[[f2429af2430c8b6afab41ed75bbe15050075b87e7a317d0496d41928]]],Configuración
[[[f2e6bad858b74dea8bd6dc74a2dc5c7f1d8bbf258ce543cf11869764]]],"Análisis básico de la cobertura de vida mientras maximiza la vida de la batería.[[[\n]]]
Mínimo uso del GPS para reportar las llamadas perdidas y los cortes. "
[[[f347b0bd84642e0c1582574d89909afb466f5619734ee2b8ffea5fad]]],Periscopiado de cobertura
[[[f4c6d1deb0eb24924db50b2067cb78d39de216af2470885bc2ef32ab]]],registrando...
[[[f5f294cf4f4b69c215190558c070c6fbc2de819ced47ee06cbaa2cf4]]],Datos
[[[f681a05692a30764502ce7ee287fffc57bd491b96793c2f4823f87bc]]],GPS Off
[[[f7086b63193d6dc73423cbd43c3ab8e3b3584f02ad2038aa53f3a307]]],Vea nuestra Política de Privacidad.
[[[f798009455b47655fa47e1acf035104ceb8c26a17f5a42d4ae0f86b6]]],ubicación no disponible
[[[f84a9359f2baff97b3ec8ff08c12773f765c33846c117890dac2777b]]],"Checar mis velocidades de datos con [[[@CARRIERHANDLE]]] usando #MyMobileCoverage. Se puede mejorar, [[[@CARRIERHANDLE]]] :)"
[[[f86734936174fae9eb10dab45d328c6f991602453dffff58543834e1]]],Visitar el sitio Web
[[[f86af45b04f649277c1036a72a85eef863ed348635ff356af482bc60]]],Mejor
[[[f95baef4100d5b356c663175849b2ded70393cad60c0b967fc29a7ae]]],Mejor 3G
[[[fa25bad5c70bf9f697a5dde95c9df1c56d57ff020714e94e11e98932]]],Otras opciones
[[[fa25d4336ab9d40a2c9e9d9e8a521217efca4dcbc33e621d26ee8172]]],Fallido
[[[fb97a9ecfa09820f8875e34ac89b2d3a53b4cd57fa0fb4e286bf2151]]],Su operador
[[[fbad91927b79f7a64bff8b3e18af1d8aa5f7bda444ead7c487327cbe]]],Acciones
[[[fc94344aab156dbf94aafb25a955d23c7df5d6a908dffdf08b74d784]]],Problema de cobertura con [[[@CARRIERHANDLE]]]
[[[fcd3b3b96dc4f01776de830926d90a23a510d6aa425349bf1175b2e7]]],El correo electrónico no es válido
[[[fd35a6b8cc76c35f7877da0b83a3f97f0450b46f3cab0aff02d35e79]]],Los informes de cuelgues están desactivados
[[[fe0389129be77c010c97ea5208bb2d379b4cc3bebd3b416fe063832e]]],Problema de datos con [[[@CARRIERHANDLE]]]
[[[fe0b73b31730cc40242d3f692433c7f8d603a3142dcdb884f9a44c20]]],Incluir ID del dispositivo en el informe
[[[fe8394befc839ad32e65d842375026f85b71fe0974198b4900728637]]],SolicitarEstadísticasMapa2
[[[feba8c5bdb7d1cc44c683ab078631c15c6f3e9fb55e7404358426c76]]],Velocidades de datos
[[[fecf03136e22ce13d7cee96f96d5b4d670e7fd16d770c6e4591f802b]]],"Proporciona un análisis de cobertura muy bueno con un menor impacto sobre la batería.[[[\n]]]
Uso inteligente del GPS para recopilar datos de cobertura donde se detectan cortes en el mapa colectivo de cobertura."
[[[ff8b8e8815cf410e8e41c615924a5011af10bf7c6509ab4bbddd2e40]]],4G recuperado 
